Workbook

Sheet Read Me
A1: How this tracker works
A4: What to edit
A5: White cells | B5: Inputs. Owners update these.
A6: Grey cells | B6: Formulas. Do not edit.
A7: Last updated (Accounts) | B7: Owners update this date every time they touch the row. Rows older than 7 days are flagged.
A8: Rules the Dashboard enforces
A9: Gate breach (RED) | B9: Stage is Onboarding or later and Go / No Go is not Go.
A10: Gate breach (RED) | B10: Any pre-onboarding step marked Skipped.
A11: Gate breach (RED) | B11: A committed onboarding date is entered before Go / No Go is Go. No date is committed until the gate is green.
A12: Gate breach (RED) | B12: Stage is Done but 'All scanners returning data' is empty. Done means every enabled scanner returns data, not Terraform applied.
A13: Watch item (AMBER) | B13: No onboarding record linked; no named engineer during Pre or Onboarding; retro not held within 48 hours of the scanner date; next action missing or overdue; row not updated in 7 days; a Done step with no evidence link where evidence is required.
A14: How to add an account
A15: Add a row in Accounts. In Checklist, copy the 16 rows of any account to the bottom, change the account name and reset Status to Not started. Fill Named owner for each step; Row flag fills from its formula.
A17: How the runbook stays in sync
A18: The Steps tab mirrors the runbook . Change it only when a retro changes the runbook. Checklist rows carry the step text; when the runbook changes a step, update Steps and the matching Checklist rows.

Sheet Steps and Roles
A1: Step ID | B1: Phase | C1: Step | D1: Owner role | E1: Exit criterion | F1: Evidence required (Y/N) | G1: Evidence / asset expected | H1: Deviations logged | I1: Rank key (helper)
A2: P1 | B2: Pre | C2: Copy the Onboarding Record template and link it in the Accounts tab | D2: TSE | E2: Record link populated in Accounts tab | F2: Y | G2: Onboarding Record link | H2: =COUNTIF(Deviations!$C$2:$C$151,A2) -> 0 | I2: =H2+(100-ROW())/1000 -> 0.098
A3: P2 | B3: Pre | C3: Technical assessment of the environment | D3: TSE | E3: Section A environment profile complete | F3: Y | G3: Onboarding Record, Section A | H3: =COUNTIF(Deviations!$C$2:$C$151,A3) -> 0 | I3: =H3+(100-ROW())/1000 -> 0.097
A4: P3 | B4: Pre | C4: Permission pre-flight run on named admins | D4: TSE | E4: Pre-flight output attached; every failure resolved or logged as a deviation | F4: Y | G4: Pre-flight script output | H4: =COUNTIF(Deviations!$C$2:$C$151,A4) -> 0 | I4: =H4+(100-ROW())/1000 -> 0.096
A5: P4 | B5: Pre | C5: Engineering review of regions, services, APIs and SCPs; known noise suppressed in the back end before Terraform | D5: Named engineer | E5: Suppression applied before Terraform runs (pre-facto, not post-onboarding cleanup) | F5: Y | G5: Engineering review notes / suppression confirmation | H5: =COUNTIF(Deviations!$C$2:$C$151,A5) -> 0 | I5: =H5+(100-ROW())/1000 -> 0.095
A6: P5 | B6: Pre | C6: Branch decisions recorded (Outpost vs Cloud Scan, StackSet vs per-account Terraform, Azure vs AWS, Fed tenant, least-privilege Azure) | D6: TSE | E6: Section B branch decisions complete | F6: Y | G6: Onboarding Record, Section B | H6: =COUNTIF(Deviations!$C$2:$C$151,A6) -> 0 | I6: =H6+(100-ROW())/1000 -> 0.094
A7: P6 | B7: Pre | C7: Workshop with TSE, TPE and PS on the wizard and the decision branches | D7: TSE | E7: Workshop held; date recorded | F7: N | H7: =COUNTIF(Deviations!$C$2:$C$151,A7) -> 0 | I7: =H7+(100-ROW())/1000 -> 0.093
A8: P7 | B8: Pre | C8: Customer briefed on findings vs. issues and on not editing templates | D8: TSE | E8: Briefing held with the customer's named admins | F8: N | H8: =COUNTIF(Deviations!$C$2:$C$151,A8) -> 0 | I8: =H8+(100-ROW())/1000 -> 0.092
A9: P8 | B9: Pre | C9: Go / No Go with a committed date | D9: TSE + PS | E9: P1 to P7 Done or N/A; Go recorded in Accounts tab; date committed. If any gate item is not met, the date moves | F9: Y | G9: Onboarding Record, Section C | H9: =COUNTIF(Deviations!$C$2:$C$151,A9) -> 0 | I9: =H9+(100-ROW())/1000 -> 0.091
A10: D1 | B10: During | C10: First account or subscription onboarded and validated end to end before the org | D10: PS | E10: One account or subscription ingesting with every enabled scanner returning data | F10: Y | G10: Validation evidence | H10: =COUNTIF(Deviations!$C$2:$C$151,A10) -> 0 | I10: =H10+(100-ROW())/1000 -> 0.09
A11: D2 | B11: During | C11: Tiger team plus named engineer on the call reading errors live | D11: Named engineer | E11: Named engineer attended the event call | F11: N | H11: =COUNTIF(Deviations!$C$2:$C$151,A11) -> 0 | I11: =H11+(100-ROW())/1000 -> 0.089
A12: D3 | B12: During | C12: Every deviation logged against the step where it occurred | D12: PS | E12: Every deviation in the Deviations tab with a step ID | F12: N | H12: =COUNTIF(Deviations!$C$2:$C$151,A12) -> 0 | I12: =H12+(100-ROW())/1000 -> 0.088
A13: D4 | B13: During | C13: Org onboarding run; Terraform applied | D13: PS | E13: Terraform apply date recorded in Accounts tab (this is not the exit) | F13: N | H13: =COUNTIF(Deviations!$C$2:$C$151,A13) -> 0 | I13: =H13+(100-ROW())/1000 -> 0.087
A14: V1 | B14: Post | C14: Validation checklist run against the definition of done | D14: TSE + PS | E14: All accounts ingesting and every enabled scanner returning data; date recorded in Accounts tab | F14: Y | G14: Onboarding Record, Section E | H14: =COUNTIF(Deviations!$C$2:$C$151,A14) -> 0 | I14: =H14+(100-ROW())/1000 -> 0.086
A15: V2 | B15: Post | C15: Enablement session on findings vs. issues | D15: TSE | E15: Session held | F15: N | H15: =COUNTIF(Deviations!$C$2:$C$151,A15) -> 0 | I15: =H15+(100-ROW())/1000 -> 0.085
A16: V3 | B16: Post | C16: Retro within 48 hours of V1 | D16: TSE | E16: Retro held; outputs logged to runbook change log (Vitaliy), docs feedback log and pre-flight script | F16: Y | G16: Onboarding Record, Section F | H16: =COUNTIF(Deviations!$C$2:$C$151,A16) -> 0 | I16: =H16+(100-ROW())/1000 -> 0.084
A17: V4 | B17: Post | C17: Handover to CS | D17: TSE | E17: Section G complete; CS owner named | F17: Y | G17: Onboarding Record, Section G | H17: =COUNTIF(Deviations!$C$2:$C$151,A17) -> 0 | I17: =H17+(100-ROW())/1000 -> 0.083

Sheet Dashboard
A2: =SUMPRODUCT(((Accounts!$J$2:$J$21="Onboarding")+(Accounts!$J$2:$J$21="Post-onboarding")+(Accounts!$J$2:$J$21="Done"))*1) -> 8 | C2: =SUMPRODUCT((Accounts!$J$2:$J$21="Done")*(Accounts!$R$2:$R$21="")) -> 0 | E2: =IFERROR(MEDIAN($G$15:$G$27),"–") -> – | G2: =COUNTIF($I$15:$I$27,">0") -> 8 | I2: =COUNTA(Deviations!$B$2:$B$151) -> 0
A3: ="Events run (of "&COUNTA(Accounts!$B$2:$B$21)&")" -> Events run (of 13) | C3: Clean exits | E3: Median days | G3: Accounts with a gate breach | I3: Deviations logged
A4: Stage is Onboarding or later | C4: Done with no open blocker | G4: See Health = RED | I4: All accounts
A6: Pipeline by stage
A7: Not started | B7: Pre-onboarding | C7: Onboarding | D7: Post-onboarding | E7: Done | F7: On hold
A8: =COUNTIF(Accounts!$J$2:$J$21,"Not started") -> 4 | B8: =COUNTIF(Accounts!$J$2:$J$21,"Pre-onboarding") -> 1 | C8: =COUNTIF(Accounts!$J$2:$J$21,"Onboarding") -> 6 | D8: =COUNTIF(Accounts!$J$2:$J$21,"Post-onboarding") -> 1 | E8: =COUNTIF(Accounts!$J$2:$J$21,"Done") -> 1 | F8: =COUNTIF(Accounts!$J$2:$J$21,"On hold") -> 0
A13: Account spotlight: gate compliance and next action
A14: Account | B14: Stage | C14: PS | D14: TSE | E14: Pre steps complete | F14: Go / No Go | G14: Days, Terraform to all scanners | H14: Deviations | I14: Gate breaches | J14: Watch items | K14: Gate Check | L14: Flags | M14: Next action | N14: Owner | O14: Due
A15: =IF(Accounts!$B2="","",Accounts!$B2) -> Zoom Video | B15: =IF($A15="","",Accounts!$J2&"") -> Onboarding | C15: =IF($A15="","",Accounts!$F2&"") -> Matthew Dombrowski | D15: =IF($A15="","",Accounts!$G2&"") -> Z Yu | E15: =IF($A15="","",(COUNTIFS(Checklist!$A$2:$A$400,$A15,Checklist!$B$2:$B$400,"P*",Checklist!$F$2:$F$400,"Done")+COUNTIFS(Checklist!$A$2:$A$400,$A15,Checklist!$B$2:$B$400,"P*",Checklist!$F$2:$F$400,"N/A"))&" / "&COUNTIFS(Checklist!$A$2:$A$400,$A15,Checklist!$B$2:$B$400,"P*")) -> 0 / 8 | F15: =IF($A15="","",IF(Accounts!$K2="","Not held",Accounts!$K2)) -> Not held | G15: =IF(OR($A15="",Accounts!$N2="",Accounts!$O2=""),"",Accounts!$O2-Accounts!$N2) | H15: =IF($A15="","",COUNTIF(Deviations!$B$2:$B$151,$A15)) -> 0 | I15: =IF($A15="","",(AND(OR(Accounts!$J2="Onboarding",Accounts!$J2="Post-onboarding",Accounts!$J2="Done"),Accounts!$K2<>"Go"))*1+(COUNTIFS(Checklist!$A$2:$A$400,$A15,Checklist!$B$2:$B$400,"P*",Checklist!$F$2:$F$400,"Skipped")>0)*1+(AND(Accounts!$M2<>"",Accounts!$K2<>"Go"))*1+(AND(Accounts!$J2="Done",Accounts!$O2=""))*1) -> 2 | J15: =IF($A15="","",(AND(Accounts!$J2<>"Not started",Accounts!$I2=""))*1+(AND(OR(Accounts!$J2="Pre-onboarding",Accounts!$J2="Onboarding"),Accounts!$H2=""))*1+(IF(Accounts!$O2="",FALSE,AND(Accounts!$P2="",TODAY()-Accounts!$O2>2)))*1+(IF(Accounts!$U2="",FALSE,AND(Accounts!$U2<TODAY(),Accounts!$J2<>"Done")))*1+(IF(Accounts!$V2="",TRUE,TODAY()-Accounts!$V2>7))*1+(AND(Accounts!$S2="",Accounts!$J2<>"Done"))*1+(COUNTIFS(Checklist!$A$2:$A$400,$A15,Checklist!$K$2:$K$400,"*Evidence missing*")>0)*1) -> 3 | K15: =IF($A15="","",IF(I15>0,"RED",IF(J15>0,"AMBER","GREEN"))) -> RED | L15: =IF($A15="","",IF(AND(OR(Accounts!$J2="Onboarding",Accounts!$J2="Post-onboarding",Accounts!$J2="Done"),Accounts!$K2<>"Go"),"Onboarding started without a Go"&CHAR(10),"")&IF(COUNTIFS(Checklist!$A$2:$A$400,$A15,Checklist!$B$2:$B$400,"P*",Checklist!$F$2:$F$400,"Skipped")>0,"Pre-onboarding step skipped"&CHAR(10),"")&IF(AND(Accounts!$M2<>"",Accounts!$K2<>"Go"),"Date committed before the gate is green"&CHAR(10),"")&IF(AND(Accounts!$J2="Done",Accounts!$O2=""),"Marked Done before all scanners return data"&CHAR(10),"")&IF(AND(Accounts!$J2<>"Not started",Accounts!$I2=""),"No onboarding record linked"&CHAR(10),"")&IF(AND(OR(Accounts!$J2="Pre-onboarding",Accounts!$J2="Onboarding"),Accounts!$H2=""),"No named engineer"&CHAR(10),"")&IF(IF(Accounts!$O2="",FALSE,AND(Accounts!$P2="",TODAY()-Accounts!$O2>2)),"Retro overdue (48h rule)"&CHAR(10),"")&IF(IF(Accounts!$U2="",FALSE,AND(Accounts!$U2<TODAY(),Accounts!$J2<>"Done")),"Next action overdue"&CHAR(10),"")&IF(IF(Accounts!$V2="",TRUE,TODAY()-Accounts!$V2>7),"Not updated in 7+ days"&CHAR(10),"")&IF(AND(Accounts!$S2="",Accounts!$J2<>"Done"),"No next action set"&CHAR(10),"")&IF(COUNTIFS(Checklist!$A$2:$A$400,$A15,Checklist!$K$2:$K$400,"*Evidence missing*")>0,"Done step missing evidence"&CHAR(10),"")) -> Onboarding started without a Go Date committed before the gate is green No onboarding record linked No named engineer Not updated in 7+ days | M15: =IF($A15="","",Accounts!$S2&"") -> Once issues are resolved, we can continue onboarding GCP and Azure (if customer wants to in migration) | N15: =IF($A15="","",Accounts!$T2&"") -> Matt-PS Mark - EE Zoom - Cloud Ops | O15: =IF(OR($A15="",Accounts!$U2=""),"",Accounts!$U2) -> TBD
A16: =IF(Accounts!$B3="","",Accounts!$B3) -> Broadcom | B16: =IF($A16="","",Accounts!$J3&"") -> Onboarding | C16: =IF($A16="","",Accounts!$F3&"") -> Stephen Lovett | D16: =IF($A16="","",Accounts!$G3&"") -> Z Yu | E16: =IF($A16="","",(COUNTIFS(Checklist!$A$2:$A$400,$A16,Checklist!$B$2:$B$400,"P*",Checklist!$F$2:$F$400,"Done")+COUNTIFS(Checklist!$A$2:$A$400,$A16,Checklist!$B$2:$B$400,"P*",Checklist!$F$2:$F$400,"N/A"))&" / "&COUNTIFS(Checklist!$A$2:$A$400,$A16,Checklist!$B$2:$B$400,"P*")) -> 3 / 8 | F16: =IF($A16="","",IF(Accounts!$K3="","Not held",Accounts!$K3)) -> Not held | G16: =IF(OR($A16="",Accounts!$N3="",Accounts!$O3=""),"",Accounts!$O3-Accounts!$N3) | H16: =IF($A16="","",COUNTIF(Deviations!$B$2:$B$151,$A16)) -> 0 | I16: =IF($A16="","",(AND(OR(Accounts!$J3="Onboarding",Accounts!$J3="Post-onboarding",Accounts!$J3="Done"),Accounts!$K3<>"Go"))*1+(COUNTIFS(Checklist!$A$2:$A$400,$A16,Checklist!$B$2:$B$400,"P*",Checklist!$F$2:$F$400,"Skipped")>0)*1+(AND(Accounts!$M3<>"",Accounts!$K3<>"Go"))*1+(AND(Accounts!$J3="Done",Accounts!$O3=""))*1) -> 1 | J16: =IF($A16="","",(AND(Accounts!$J3<>"Not started",Accounts!$I3=""))*1+(AND(OR(Accounts!$J3="Pre-onboarding",Accounts!$J3="Onboarding"),Accounts!$H3=""))*1+(IF(Accounts!$O3="",FALSE,AND(Accounts!$P3="",TODAY()-Accounts!$O3>2)))*1+(IF(Accounts!$U3="",FALSE,AND(Accounts!$U3<TODAY(),Accounts!$J3<>"Done")))*1+(IF(Accounts!$V3="",TRUE,TODAY()-Accounts!$V3>7))*1+(AND(Accounts!$S3="",Accounts!$J3<>"Done"))*1+(COUNTIFS(Checklist!$A$2:$A$400,$A16,Checklist!$K$2:$K$400,"*Evidence missing*")>0)*1) -> 3 | K16: =IF($A16="","",IF(I16>0,"RED",IF(J16>0,"AMBER","GREEN"))) -> RED | L16: =IF($A16="","",IF(AND(OR(Accounts!$J3="Onboarding",Accounts!$J3="Post-onboarding",Accounts!$J3="Done"),Accounts!$K3<>"Go"),"Onboarding started without a Go"&CHAR(10),"")&IF(COUNTIFS(Checklist!$A$2:$A$400,$A16,Checklist!$B$2:$B$400,"P*",Checklist!$F$2:$F$400,"Skipped")>0,"Pre-onboarding step skipped"&CHAR(10),"")&IF(AND(Accounts!$M3<>"",Accounts!$K3<>"Go"),"Date committed before the gate is green"&CHAR(10),"")&IF(AND(Accounts!$J3="Done",Accounts!$O3=""),"Marked Done before all scanners return data"&CHAR(10),"")&IF(AND(Accounts!$J3<>"Not started",Accounts!$I3=""),"No onboarding record linked"&CHAR(10),"")&IF(AND(OR(Accounts!$J3="Pre-onboarding",Accounts!$J3="Onboarding"),Accounts!$H3=""),"No named engineer"&CHAR(10),"")&IF(IF(Accounts!$O3="",FALSE,AND(Accounts!$P3="",TODAY()-Accounts!$O3>2)),"Retro overdue (48h rule)"&CHAR(10),"")&IF(IF(Accounts!$U3="",FALSE,AND(Accounts!$U3<TODAY(),Accounts!$J3<>"Done")),"Next action overdue"&CHAR(10),"")&IF(IF(Accounts!$V3="",TRUE,TODAY()-Accounts!$V3>7),"Not updated in 7+ days"&CHAR(10),"")&IF(AND(Accounts!$S3="",Accounts!$J3<>"Done"),"No next action set"&CHAR(10),"")&IF(COUNTIFS(Checklist!$A$2:$A$400,$A16,Checklist!$K$2:$K$400,"*Evidence missing*")>0,"Done step missing evidence"&CHAR(10),"")) -> Onboarding started without a Go No named engineer Not updated in 7+ days Done step missing evidence | M16: =IF($A16="","",Accounts!$S3&"") -> Pending customer's internal ticket to have cloud admin review outpost terraform files and apply. | N16: =IF($A16="","",Accounts!$T3&"") | O16: =IF(OR($A16="",Accounts!$U3=""),"",Accounts!$U3)
A17: =IF(Accounts!$B4="","",Accounts!$B4) -> Telecom Guatemala | B17: =IF($A17="","",Accounts!$J4&"") -> Done | C17: =IF($A17="","",Accounts!$F4&"") -> Ariel Nin | D17: =IF($A17="","",Accounts!$G4&"") -> Fabio Cezar (DC) | E17: =IF($A17="","",(COUNTIFS(Checklist!$A$2:$A$400,$A17,Checklist!$B$2:$B$400,"P*",Checklist!$F$2:$F$400,"Done")+COUNTIFS(Checklist!$A$2:$A$400,$A17,Checklist!$B$2:$B$400,"P*",Checklist!$F$2:$F$400,"N/A"))&" / "&COUNTIFS(Checklist!$A$2:$A$400,$A17,Checklist!$B$2:$B$400,"P*")) -> 4 / 8 | F17: =IF($A17="","",IF(Accounts!$K4="","Not held",Accounts!$K4)) -> Not held | G17: =IF(OR($A17="",Accounts!$N4="",Accounts!$O4=""),"",Accounts!$O4-Accounts!$N4) -> #VALUE! | H17: =IF($A17="","",COUNTIF(Deviations!$B$2:$B$151,$A17)) -> 0 | I17: =IF($A17="","",(AND(OR(Accounts!$J4="Onboarding",Accounts!$J4="Post-onboarding",Accounts!$J4="Done"),Accounts!$K4<>"Go"))*1+(COUNTIFS(Checklist!$A$2:$A$400,$A17,Checklist!$B$2:$B$400,"P*",Checklist!$F$2:$F$400,"Skipped")>0)*1+(AND(Accounts!$M4<>"",Accounts!$K4<>"Go"))*1+(AND(Accounts!$J4="Done",Accounts!$O4=""))*1) -> 2 | J17: =IF($A17="","",(AND(Accounts!$J4<>"Not started",Accounts!$I4=""))*1+(AND(OR(Accounts!$J4="Pre-onboarding",Accounts!$J4="Onboarding"),Accounts!$H4=""))*1+(IF(Accounts!$O4="",FALSE,AND(Accounts!$P4="",TODAY()-Accounts!$O4>2)))*1+(IF(Accounts!$U4="",FALSE,AND(Accounts!$U4<TODAY(),Accounts!$J4<>"Done")))*1+(IF(Accounts!$V4="",TRUE,TODAY()-Accounts!$V4>7))*1+(AND(Accounts!$S4="",Accounts!$J4<>"Done"))*1+(COUNTIFS(Checklist!$A$2:$A$400,$A17,Checklist!$K$2:$K$400,"*Evidence missing*")>0)*1) -> 2 | K17: =IF($A17="","",IF(I17>0,"RED",IF(J17>0,"AMBER","GREEN"))) -> RED | L17: =IF($A17="","",IF(AND(OR(Accounts!$J4="Onboarding",Accounts!$J4="Post-onboarding",Accounts!$J4="Done"),Accounts!$K4<>"Go"),"Onboarding started without a Go"&CHAR(10),"")&IF(COUNTIFS(Checklist!$A$2:$A$400,$A17,Checklist!$B$2:$B$400,"P*",Checklist!$F$2:$F$400,"Skipped")>0,"Pre-onboarding step skipped"&CHAR(10),"")&IF(AND(Accounts!$M4<>"",Accounts!$K4<>"Go"),"Date committed before the gate is green"&CHAR(10),"")&IF(AND(Accounts!$J4="Done",Accounts!$O4=""),"Marked Done before all scanners return data"&CHAR(10),"")&IF(AND(Accounts!$J4<>"Not started",Accounts!$I4=""),"No onboarding record linked"&CHAR(10),"")&IF(AND(OR(Accounts!$J4="Pre-onboarding",Accounts!$J4="Onboarding"),Accounts!$H4=""),"No named engineer"&CHAR(10),"")&IF(IF(Accounts!$O4="",FALSE,AND(Accounts!$P4="",TODAY()-Accounts!$O4>2)),"Retro overdue (48h rule)"&CHAR(10),"")&IF(IF(Accounts!$U4="",FALSE,AND(Accounts!$U4<TODAY(),Accounts!$J4<>"Done")),"Next action overdue"&CHAR(10),"")&IF(IF(Accounts!$V4="",TRUE,TODAY()-Accounts!$V4>7),"Not updated in 7+ days"&CHAR(10),"")&IF(AND(Accounts!$S4="",Accounts!$J4<>"Done"),"No next action set"&CHAR(10),"")&IF(COUNTIFS(Checklist!$A$2:$A$400,$A17,Checklist!$K$2:$K$400,"*Evidence missing*")>0,"Done step missing evidence"&CHAR(10),"")) -> Onboarding started without a Go Date committed before the gate is green Retro overdue (48h rule) Not updated in 7+ days | M17: =IF($A17="","",Accounts!$S4&"") -> Continue the Cortex Cloud CSPM deployment | N17: =IF($A17="","",Accounts!$T4&"") -> Ariel Nin - Professional Services | O17: =IF(OR($A17="",Accounts!$U4=""),"",Accounts!$U4) -> 10/05 onwards
A18: =IF(Accounts!$B5="","",Accounts!$B5) -> FIS Global | B18: =IF($A18="","",Accounts!$J5&"") -> Not started | C18: =IF($A18="","",Accounts!$F5&"") -> Stephen Lovett | D18: =IF($A18="","",Accounts!$G5&"") -> Harold Moore (DC) | E18: =IF($A18="","",(COUNTIFS(Checklist!$A$2:$A$400,$A18,Checklist!$B$2:$B$400,"P*",Checklist!$F$2:$F$400,"Done")+COUNTIFS(Checklist!$A$2:$A$400,$A18,Checklist!$B$2:$B$400,"P*",Checklist!$F$2:$F$400,"N/A"))&" / "&COUNTIFS(Checklist!$A$2:$A$400,$A18,Checklist!$B$2:$B$400,"P*")) -> 0 / 8 | F18: =IF($A18="","",IF(Accounts!$K5="","Not held",Accounts!$K5)) -> Not held | G18: =IF(OR($A18="",Accounts!$N5="",Accounts!$O5=""),"",Accounts!$O5-Accounts!$N5) | H18: =IF($A18="","",COUNTIF(Deviations!$B$2:$B$151,$A18)) -> 0 | I18: =IF($A18="","",(AND(OR(Accounts!$J5="Onboarding",Accounts!$J5="Post-onboarding",Accounts!$J5="Done"),Accounts!$K5<>"Go"))*1+(COUNTIFS(Checklist!$A$2:$A$400,$A18,Checklist!$B$2:$B$400,"P*",Checklist!$F$2:$F$400,"Skipped")>0)*1+(AND(Accounts!$M5<>"",Accounts!$K5<>"Go"))*1+(AND(Accounts!$J5="Done",Accounts!$O5=""))*1) -> 0 | J18: =IF($A18="","",(AND(Accounts!$J5<>"Not started",Accounts!$I5=""))*1+(AND(OR(Accounts!$J5="Pre-onboarding",Accounts!$J5="Onboarding"),Accounts!$H5=""))*1+(IF(Accounts!$O5="",FALSE,AND(Accounts!$P5="",TODAY()-Accounts!$O5>2)))*1+(IF(Accounts!$U5="",FALSE,AND(Accounts!$U5<TODAY(),Accounts!$J5<>"Done")))*1+(IF(Accounts!$V5="",TRUE,TODAY()-Accounts!$V5>7))*1+(AND(Accounts!$S5="",Accounts!$J5<>"Done"))*1+(COUNTIFS(Checklist!$A$2:$A$400,$A18,Checklist!$K$2:$K$400,"*Evidence missing*")>0)*1) -> 1 | K18: =IF($A18="","",IF(I18>0,"RED",IF(J18>0,"AMBER","GREEN"))) -> AMBER | L18: =IF($A18="","",IF(AND(OR(Accounts!$J5="Onboarding",Accounts!$J5="Post-onboarding",Accounts!$J5="Done"),Accounts!$K5<>"Go"),"Onboarding started without a Go"&CHAR(10),"")&IF(COUNTIFS(Checklist!$A$2:$A$400,$A18,Checklist!$B$2:$B$400,"P*",Checklist!$F$2:$F$400,"Skipped")>0,"Pre-onboarding step skipped"&CHAR(10),"")&IF(AND(Accounts!$M5<>"",Accounts!$K5<>"Go"),"Date committed before the gate is green"&CHAR(10),"")&IF(AND(Accounts!$J5="Done",Accounts!$O5=""),"Marked Done before all scanners return data"&CHAR(10),"")&IF(AND(Accounts!$J5<>"Not started",Accounts!$I5=""),"No onboarding record linked"&CHAR(10),"")&IF(AND(OR(Accounts!$J5="Pre-onboarding",Accounts!$J5="Onboarding"),Accounts!$H5=""),"No named engineer"&CHAR(10),"")&IF(IF(Accounts!$O5="",FALSE,AND(Accounts!$P5="",TODAY()-Accounts!$O5>2)),"Retro overdue (48h rule)"&CHAR(10),"")&IF(IF(Accounts!$U5="",FALSE,AND(Accounts!$U5<TODAY(),Accounts!$J5<>"Done")),"Next action overdue"&CHAR(10),"")&IF(IF(Accounts!$V5="",TRUE,TODAY()-Accounts!$V5>7),"Not updated in 7+ days"&CHAR(10),"")&IF(AND(Accounts!$S5="",Accounts!$J5<>"Done"),"No next action set"&CHAR(10),"")&IF(COUNTIFS(Checklist!$A$2:$A$400,$A18,Checklist!$K$2:$K$400,"*Evidence missing*")>0,"Done step missing evidence"&CHAR(10),"")) -> Not updated in 7+ days | M18: =IF($A18="","",Accounts!$S5&"") -> Customer has onboarded all their Cloud Providers however seeing errors and warnings. Customer has indicated expanding security capabilities and pivot towards outposts. | N18: =IF($A18="","",Accounts!$T5&"") | O18: =IF(OR($A18="",Accounts!$U5=""),"",Accounts!$U5)
A19: =IF(Accounts!$B6="","",Accounts!$B6) -> Fidelity | B19: =IF($A19="","",Accounts!$J6&"") -> Pre-onboarding | C19: =IF($A19="","",Accounts!$F6&"") -> Stephen Lovett | D19: =IF($A19="","",Accounts!$G6&"") -> Ravi Badana | E19: =IF($A19="","",(COUNTIFS(Checklist!$A$2:$A$400,$A19,Checklist!$B$2:$B$400,"P*",Checklist!$F$2:$F$400,"Done")+COUNTIFS(Checklist!$A$2:$A$400,$A19,Checklist!$B$2:$B$400,"P*",Checklist!$F$2:$F$400,"N/A"))&" / "&COUNTIFS(Checklist!$A$2:$A$400,$A19,Checklist!$B$2:$B$400,"P*")) -> 0 / 8 | F19: =IF($A19="","",IF(Accounts!$K6="","Not held",Accounts!$K6)) -> Not held | G19: =IF(OR($A19="",Accounts!$N6="",Accounts!$O6=""),"",Accounts!$O6-Accounts!$N6) | H19: =IF($A19="","",COUNTIF(Deviations!$B$2:$B$151,$A19)) -> 0 | I19: =IF($A19="","",(AND(OR(Accounts!$J6="Onboarding",Accounts!$J6="Post-onboarding",Accounts!$J6="Done"),Accounts!$K6<>"Go"))*1+(COUNTIFS(Checklist!$A$2:$A$400,$A19,Checklist!$B$2:$B$400,"P*",Checklist!$F$2:$F$400,"Skipped")>0)*1+(AND(Accounts!$M6<>"",Accounts!$K6<>"Go"))*1+(AND(Accounts!$J6="Done",Accounts!$O6=""))*1) -> 0 | J19: =IF($A19="","",(AND(Accounts!$J6<>"Not started",Accounts!$I6=""))*1+(AND(OR(Accounts!$J6="Pre-onboarding",Accounts!$J6="Onboarding"),Accounts!$H6=""))*1+(IF(Accounts!$O6="",FALSE,AND(Accounts!$P6="",TODAY()-Accounts!$O6>2)))*1+(IF(Accounts!$U6="",FALSE,AND(Accounts!$U6<TODAY(),Accounts!$J6<>"Done")))*1+(IF(Accounts!$V6="",TRUE,TODAY()-Accounts!$V6>7))*1+(AND(Accounts!$S6="",Accounts!$J6<>"Done"))*1+(COUNTIFS(Checklist!$A$2:$A$400,$A19,Checklist!$K$2:$K$400,"*Evidence missing*")>0)*1) -> 2 | K19: =IF($A19="","",IF(I19>0,"RED",IF(J19>0,"AMBER","GREEN"))) -> AMBER | L19: =IF($A19="","",IF(AND(OR(Accounts!$J6="Onboarding",Accounts!$J6="Post-onboarding",Accounts!$J6="Done"),Accounts!$K6<>"Go"),"Onboarding started without a Go"&CHAR(10),"")&IF(COUNTIFS(Checklist!$A$2:$A$400,$A19,Checklist!$B$2:$B$400,"P*",Checklist!$F$2:$F$400,"Skipped")>0,"Pre-onboarding step skipped"&CHAR(10),"")&IF(AND(Accounts!$M6<>"",Accounts!$K6<>"Go"),"Date committed before the gate is green"&CHAR(10),"")&IF(AND(Accounts!$J6="Done",Accounts!$O6=""),"Marked Done before all scanners return data"&CHAR(10),"")&IF(AND(Accounts!$J6<>"Not started",Accounts!$I6=""),"No onboarding record linked"&CHAR(10),"")&IF(AND(OR(Accounts!$J6="Pre-onboarding",Accounts!$J6="Onboarding"),Accounts!$H6=""),"No named engineer"&CHAR(10),"")&IF(IF(Accounts!$O6="",FALSE,AND(Accounts!$P6="",TODAY()-Accounts!$O6>2)),"Retro overdue (48h rule)"&CHAR(10),"")&IF(IF(Accounts!$U6="",FALSE,AND(Accounts!$U6<TODAY(),Accounts!$J6<>"Done")),"Next action overdue"&CHAR(10),"")&IF(IF(Accounts!$V6="",TRUE,TODAY()-Accounts!$V6>7),"Not updated in 7+ days"&CHAR(10),"")&IF(AND(Accounts!$S6="",Accounts!$J6<>"Done"),"No next action set"&CHAR(10),"")&IF(COUNTIFS(Checklist!$A$2:$A$400,$A19,Checklist!$K$2:$K$400,"*Evidence missing*")>0,"Done step missing evidence"&CHAR(10),"")) -> No named engineer Not updated in 7+ days | M19: =IF($A19="","",Accounts!$S6&"") -> Customer is conducting POV | N19: =IF($A19="","",Accounts!$T6&"") | O19: =IF(OR($A19="",Accounts!$U6=""),"",Accounts!$U6)
A20: =IF(Accounts!$B7="","",Accounts!$B7) -> DOI | B20: =IF($A20="","",Accounts!$J7&"") -> Not started | C20: =IF($A20="","",Accounts!$F7&"") -> Stephen Lovett | D20: =IF($A20="","",Accounts!$G7&"") | E20: =IF($A20="","",(COUNTIFS(Checklist!$A$2:$A$400,$A20,Checklist!$B$2:$B$400,"P*",Checklist!$F$2:$F$400,"Done")+COUNTIFS(Checklist!$A$2:$A$400,$A20,Checklist!$B$2:$B$400,"P*",Checklist!$F$2:$F$400,"N/A"))&" / "&COUNTIFS(Checklist!$A$2:$A$400,$A20,Checklist!$B$2:$B$400,"P*")) -> 0 / 8 | F20: =IF($A20="","",IF(Accounts!$K7="","Not held",Accounts!$K7)) -> Not held | G20: =IF(OR($A20="",Accounts!$N7="",Accounts!$O7=""),"",Accounts!$O7-Accounts!$N7) | H20: =IF($A20="","",COUNTIF(Deviations!$B$2:$B$151,$A20)) -> 0 | I20: =IF($A20="","",(AND(OR(Accounts!$J7="Onboarding",Accounts!$J7="Post-onboarding",Accounts!$J7="Done"),Accounts!$K7<>"Go"))*1+(COUNTIFS(Checklist!$A$2:$A$400,$A20,Checklist!$B$2:$B$400,"P*",Checklist!$F$2:$F$400,"Skipped")>0)*1+(AND(Accounts!$M7<>"",Accounts!$K7<>"Go"))*1+(AND(Accounts!$J7="Done",Accounts!$O7=""))*1) -> 0 | J20: =IF($A20="","",(AND(Accounts!$J7<>"Not started",Accounts!$I7=""))*1+(AND(OR(Accounts!$J7="Pre-onboarding",Accounts!$J7="Onboarding"),Accounts!$H7=""))*1+(IF(Accounts!$O7="",FALSE,AND(Accounts!$P7="",TODAY()-Accounts!$O7>2)))*1+(IF(Accounts!$U7="",FALSE,AND(Accounts!$U7<TODAY(),Accounts!$J7<>"Done")))*1+(IF(Accounts!$V7="",TRUE,TODAY()-Accounts!$V7>7))*1+(AND(Accounts!$S7="",Accounts!$J7<>"Done"))*1+(COUNTIFS(Checklist!$A$2:$A$400,$A20,Checklist!$K$2:$K$400,"*Evidence missing*")>0)*1) -> 1 | K20: =IF($A20="","",IF(I20>0,"RED",IF(J20>0,"AMBER","GREEN"))) -> AMBER | L20: =IF($A20="","",IF(AND(OR(Accounts!$J7="Onboarding",Accounts!$J7="Post-onboarding",Accounts!$J7="Done"),Accounts!$K7<>"Go"),"Onboarding started without a Go"&CHAR(10),"")&IF(COUNTIFS(Checklist!$A$2:$A$400,$A20,Checklist!$B$2:$B$400,"P*",Checklist!$F$2:$F$400,"Skipped")>0,"Pre-onboarding step skipped"&CHAR(10),"")&IF(AND(Accounts!$M7<>"",Accounts!$K7<>"Go"),"Date committed before the gate is green"&CHAR(10),"")&IF(AND(Accounts!$J7="Done",Accounts!$O7=""),"Marked Done before all scanners return data"&CHAR(10),"")&IF(AND(Accounts!$J7<>"Not started",Accounts!$I7=""),"No onboarding record linked"&CHAR(10),"")&IF(AND(OR(Accounts!$J7="Pre-onboarding",Accounts!$J7="Onboarding"),Accounts!$H7=""),"No named engineer"&CHAR(10),"")&IF(IF(Accounts!$O7="",FALSE,AND(Accounts!$P7="",TODAY()-Accounts!$O7>2)),"Retro overdue (48h rule)"&CHAR(10),"")&IF(IF(Accounts!$U7="",FALSE,AND(Accounts!$U7<TODAY(),Accounts!$J7<>"Done")),"Next action overdue"&CHAR(10),"")&IF(IF(Accounts!$V7="",TRUE,TODAY()-Accounts!$V7>7),"Not updated in 7+ days"&CHAR(10),"")&IF(AND(Accounts!$S7="",Accounts!$J7<>"Done"),"No next action set"&CHAR(10),"")&IF(COUNTIFS(Checklist!$A$2:$A$400,$A20,Checklist!$K$2:$K$400,"*Evidence missing*")>0,"Done step missing evidence"&CHAR(10),"")) -> Not updated in 7+ days | M20: =IF($A20="","",Accounts!$S7&"") -> On hold | N20: =IF($A20="","",Accounts!$T7&"") | O20: =IF(OR($A20="",Accounts!$U7=""),"",Accounts!$U7)
A21: =IF(Accounts!$B8="","",Accounts!$B8) -> Marriott | B21: =IF($A21="","",Accounts!$J8&"") -> Onboarding | C21: =IF($A21="","",Accounts!$F8&"") -> Bliss Jourdan | D21: =IF($A21="","",Accounts!$G8&"") -> Khizar Karim | E21: =IF($A21="","",(COUNTIFS(Checklist!$A$2:$A$400,$A21,Checklist!$B$2:$B$400,"P*",Checklist!$F$2:$F$400,"Done")+COUNTIFS(Checklist!$A$2:$A$400,$A21,Checklist!$B$2:$B$400,"P*",Checklist!$F$2:$F$400,"N/A"))&" / "&COUNTIFS(Checklist!$A$2:$A$400,$A21,Checklist!$B$2:$B$400,"P*")) -> 0 / 8 | F21: =IF($A21="","",IF(Accounts!$K8="","Not held",Accounts!$K8)) -> Not held | G21: =IF(OR($A21="",Accounts!$N8="",Accounts!$O8=""),"",Accounts!$O8-Accounts!$N8) | H21: =IF($A21="","",COUNTIF(Deviations!$B$2:$B$151,$A21)) -> 0 | I21: =IF($A21="","",(AND(OR(Accounts!$J8="Onboarding",Accounts!$J8="Post-onboarding",Accounts!$J8="Done"),Accounts!$K8<>"Go"))*1+(COUNTIFS(Checklist!$A$2:$A$400,$A21,Checklist!$B$2:$B$400,"P*",Checklist!$F$2:$F$400,"Skipped")>0)*1+(AND(Accounts!$M8<>"",Accounts!$K8<>"Go"))*1+(AND(Accounts!$J8="Done",Accounts!$O8=""))*1) -> 2 | J21: =IF($A21="","",(AND(Accounts!$J8<>"Not started",Accounts!$I8=""))*1+(AND(OR(Accounts!$J8="Pre-onboarding",Accounts!$J8="Onboarding"),Accounts!$H8=""))*1+(IF(Accounts!$O8="",FALSE,AND(Accounts!$P8="",TODAY()-Accounts!$O8>2)))*1+(IF(Accounts!$U8="",FALSE,AND(Accounts!$U8<TODAY(),Accounts!$J8<>"Done")))*1+(IF(Accounts!$V8="",TRUE,TODAY()-Accounts!$V8>7))*1+(AND(Accounts!$S8="",Accounts!$J8<>"Done"))*1+(COUNTIFS(Checklist!$A$2:$A$400,$A21,Checklist!$K$2:$K$400,"*Evidence missing*")>0)*1) -> 3 | K21: =IF($A21="","",IF(I21>0,"RED",IF(J21>0,"AMBER","GREEN"))) -> RED | L21: =IF($A21="","",IF(AND(OR(Accounts!$J8="Onboarding",Accounts!$J8="Post-onboarding",Accounts!$J8="Done"),Accounts!$K8<>"Go"),"Onboarding started without a Go"&CHAR(10),"")&IF(COUNTIFS(Checklist!$A$2:$A$400,$A21,Checklist!$B$2:$B$400,"P*",Checklist!$F$2:$F$400,"Skipped")>0,"Pre-onboarding step skipped"&CHAR(10),"")&IF(AND(Accounts!$M8<>"",Accounts!$K8<>"Go"),"Date committed before the gate is green"&CHAR(10),"")&IF(AND(Accounts!$J8="Done",Accounts!$O8=""),"Marked Done before all scanners return data"&CHAR(10),"")&IF(AND(Accounts!$J8<>"Not started",Accounts!$I8=""),"No onboarding record linked"&CHAR(10),"")&IF(AND(OR(Accounts!$J8="Pre-onboarding",Accounts!$J8="Onboarding"),Accounts!$H8=""),"No named engineer"&CHAR(10),"")&IF(IF(Accounts!$O8="",FALSE,AND(Accounts!$P8="",TODAY()-Accounts!$O8>2)),"Retro overdue (48h rule)"&CHAR(10),"")&IF(IF(Accounts!$U8="",FALSE,AND(Accounts!$U8<TODAY(),Accounts!$J8<>"Done")),"Next action overdue"&CHAR(10),"")&IF(IF(Accounts!$V8="",TRUE,TODAY()-Accounts!$V8>7),"Not updated in 7+ days"&CHAR(10),"")&IF(AND(Accounts!$S8="",Accounts!$J8<>"Done"),"No next action set"&CHAR(10),"")&IF(COUNTIFS(Checklist!$A$2:$A$400,$A21,Checklist!$K$2:$K$400,"*Evidence missing*")>0,"Done step missing evidence"&CHAR(10),"")) -> Onboarding started without a Go Date committed before the gate is green No named engineer Not updated in 7+ days No next action set | M21: =IF($A21="","",Accounts!$S8&"") | N21: =IF($A21="","",Accounts!$T8&"") | O21: =IF(OR($A21="",Accounts!$U8=""),"",Accounts!$U8)
A22: =IF(Accounts!$B9="","",Accounts!$B9) -> Honeywell International | B22: =IF($A22="","",Accounts!$J9&"") -> Onboarding | C22: =IF($A22="","",Accounts!$F9&"") -> Kirk Preston | D22: =IF($A22="","",Accounts!$G9&"") | E22: =IF($A22="","",(COUNTIFS(Checklist!$A$2:$A$400,$A22,Checklist!$B$2:$B$400,"P*",Checklist!$F$2:$F$400,"Done")+COUNTIFS(Checklist!$A$2:$A$400,$A22,Checklist!$B$2:$B$400,"P*",Checklist!$F$2:$F$400,"N/A"))&" / "&COUNTIFS(Checklist!$A$2:$A$400,$A22,Checklist!$B$2:$B$400,"P*")) -> 0 / 0 | F22: =IF($A22="","",IF(Accounts!$K9="","Not held",Accounts!$K9)) -> Not held | G22: =IF(OR($A22="",Accounts!$N9="",Accounts!$O9=""),"",Accounts!$O9-Accounts!$N9) -> #VALUE! | H22: =IF($A22="","",COUNTIF(Deviations!$B$2:$B$151,$A22)) -> 0 | I22: =IF($A22="","",(AND(OR(Accounts!$J9="Onboarding",Accounts!$J9="Post-onboarding",Accounts!$J9="Done"),Accounts!$K9<>"Go"))*1+(COUNTIFS(Checklist!$A$2:$A$400,$A22,Checklist!$B$2:$B$400,"P*",Checklist!$F$2:$F$400,"Skipped")>0)*1+(AND(Accounts!$M9<>"",Accounts!$K9<>"Go"))*1+(AND(Accounts!$J9="Done",Accounts!$O9=""))*1) -> 2 | J22: =IF($A22="","",(AND(Accounts!$J9<>"Not started",Accounts!$I9=""))*1+(AND(OR(Accounts!$J9="Pre-onboarding",Accounts!$J9="Onboarding"),Accounts!$H9=""))*1+(IF(Accounts!$O9="",FALSE,AND(Accounts!$P9="",TODAY()-Accounts!$O9>2)))*1+(IF(Accounts!$U9="",FALSE,AND(Accounts!$U9<TODAY(),Accounts!$J9<>"Done")))*1+(IF(Accounts!$V9="",TRUE,TODAY()-Accounts!$V9>7))*1+(AND(Accounts!$S9="",Accounts!$J9<>"Done"))*1+(COUNTIFS(Checklist!$A$2:$A$400,$A22,Checklist!$K$2:$K$400,"*Evidence missing*")>0)*1) -> #VALUE! | K22: =IF($A22="","",IF(I22>0,"RED",IF(J22>0,"AMBER","GREEN"))) -> RED | L22: =IF($A22="","",IF(AND(OR(Accounts!$J9="Onboarding",Accounts!$J9="Post-onboarding",Accounts!$J9="Done"),Accounts!$K9<>"Go"),"Onboarding started without a Go"&CHAR(10),"")&IF(COUNTIFS(Checklist!$A$2:$A$400,$A22,Checklist!$B$2:$B$400,"P*",Checklist!$F$2:$F$400,"Skipped")>0,"Pre-onboarding step skipped"&CHAR(10),"")&IF(AND(Accounts!$M9<>"",Accounts!$K9<>"Go"),"Date committed before the gate is green"&CHAR(10),"")&IF(AND(Accounts!$J9="Done",Accounts!$O9=""),"Marked Done before all scanners return data"&CHAR(10),"")&IF(AND(Accounts!$J9<>"Not started",Accounts!$I9=""),"No onboarding record linked"&CHAR(10),"")&IF(AND(OR(Accounts!$J9="Pre-onboarding",Accounts!$J9="Onboarding"),Accounts!$H9=""),"No named engineer"&CHAR(10),"")&IF(IF(Accounts!$O9="",FALSE,AND(Accounts!$P9="",TODAY()-Accounts!$O9>2)),"Retro overdue (48h rule)"&CHAR(10),"")&IF(IF(Accounts!$U9="",FALSE,AND(Accounts!$U9<TODAY(),Accounts!$J9<>"Done")),"Next action overdue"&CHAR(10),"")&IF(IF(Accounts!$V9="",TRUE,TODAY()-Accounts!$V9>7),"Not updated in 7+ days"&CHAR(10),"")&IF(AND(Accounts!$S9="",Accounts!$J9<>"Done"),"No next action set"&CHAR(10),"")&IF(COUNTIFS(Checklist!$A$2:$A$400,$A22,Checklist!$K$2:$K$400,"*Evidence missing*")>0,"Done step missing evidence"&CHAR(10),"")) -> #VALUE! | M22: =IF($A22="","",Accounts!$S9&"") -> Download CSP templates for internal review proactively. | N22: =IF($A22="","",Accounts!$T9&"") -> TBD | O22: =IF(OR($A22="",Accounts!$U9=""),"",Accounts!$U9) -> TBD
A23: =IF(Accounts!$B10="","",Accounts!$B10) -> Salesforce - ESS org | B23: =IF($A23="","",Accounts!$J10&"") -> Not started | C23: =IF($A23="","",Accounts!$F10&"") -> Bliss Jourdan | D23: =IF($A23="","",Accounts!$G10&"") -> Khizar Karim | E23: =IF($A23="","",(COUNTIFS(Checklist!$A$2:$A$400,$A23,Checklist!$B$2:$B$400,"P*",Checklist!$F$2:$F$400,"Done")+COUNTIFS(Checklist!$A$2:$A$400,$A23,Checklist!$B$2:$B$400,"P*",Checklist!$F$2:$F$400,"N/A"))&" / "&COUNTIFS(Checklist!$A$2:$A$400,$A23,Checklist!$B$2:$B$400,"P*")) -> 0 / 8 | F23: =IF($A23="","",IF(Accounts!$K10="","Not held",Accounts!$K10)) -> Not held | G23: =IF(OR($A23="",Accounts!$N10="",Accounts!$O10=""),"",Accounts!$O10-Accounts!$N10) | H23: =IF($A23="","",COUNTIF(Deviations!$B$2:$B$151,$A23)) -> 0 | I23: =IF($A23="","",(AND(OR(Accounts!$J10="Onboarding",Accounts!$J10="Post-onboarding",Accounts!$J10="Done"),Accounts!$K10<>"Go"))*1+(COUNTIFS(Checklist!$A$2:$A$400,$A23,Checklist!$B$2:$B$400,"P*",Checklist!$F$2:$F$400,"Skipped")>0)*1+(AND(Accounts!$M10<>"",Accounts!$K10<>"Go"))*1+(AND(Accounts!$J10="Done",Accounts!$O10=""))*1) -> 0 | J23: =IF($A23="","",(AND(Accounts!$J10<>"Not started",Accounts!$I10=""))*1+(AND(OR(Accounts!$J10="Pre-onboarding",Accounts!$J10="Onboarding"),Accounts!$H10=""))*1+(IF(Accounts!$O10="",FALSE,AND(Accounts!$P10="",TODAY()-Accounts!$O10>2)))*1+(IF(Accounts!$U10="",FALSE,AND(Accounts!$U10<TODAY(),Accounts!$J10<>"Done")))*1+(IF(Accounts!$V10="",TRUE,TODAY()-Accounts!$V10>7))*1+(AND(Accounts!$S10="",Accounts!$J10<>"Done"))*1+(COUNTIFS(Checklist!$A$2:$A$400,$A23,Checklist!$K$2:$K$400,"*Evidence missing*")>0)*1) -> 2 | K23: =IF($A23="","",IF(I23>0,"RED",IF(J23>0,"AMBER","GREEN"))) -> AMBER | L23: =IF($A23="","",IF(AND(OR(Accounts!$J10="Onboarding",Accounts!$J10="Post-onboarding",Accounts!$J10="Done"),Accounts!$K10<>"Go"),"Onboarding started without a Go"&CHAR(10),"")&IF(COUNTIFS(Checklist!$A$2:$A$400,$A23,Checklist!$B$2:$B$400,"P*",Checklist!$F$2:$F$400,"Skipped")>0,"Pre-onboarding step skipped"&CHAR(10),"")&IF(AND(Accounts!$M10<>"",Accounts!$K10<>"Go"),"Date committed before the gate is green"&CHAR(10),"")&IF(AND(Accounts!$J10="Done",Accounts!$O10=""),"Marked Done before all scanners return data"&CHAR(10),"")&IF(AND(Accounts!$J10<>"Not started",Accounts!$I10=""),"No onboarding record linked"&CHAR(10),"")&IF(AND(OR(Accounts!$J10="Pre-onboarding",Accounts!$J10="Onboarding"),Accounts!$H10=""),"No named engineer"&CHAR(10),"")&IF(IF(Accounts!$O10="",FALSE,AND(Accounts!$P10="",TODAY()-Accounts!$O10>2)),"Retro overdue (48h rule)"&CHAR(10),"")&IF(IF(Accounts!$U10="",FALSE,AND(Accounts!$U10<TODAY(),Accounts!$J10<>"Done")),"Next action overdue"&CHAR(10),"")&IF(IF(Accounts!$V10="",TRUE,TODAY()-Accounts!$V10>7),"Not updated in 7+ days"&CHAR(10),"")&IF(AND(Accounts!$S10="",Accounts!$J10<>"Done"),"No next action set"&CHAR(10),"")&IF(COUNTIFS(Checklist!$A$2:$A$400,$A23,Checklist!$K$2:$K$400,"*Evidence missing*")>0,"Done step missing evidence"&CHAR(10),"")) -> Not updated in 7+ days No next action set | M23: =IF($A23="","",Accounts!$S10&"") | N23: =IF($A23="","",Accounts!$T10&"") | O23: =IF(OR($A23="",Accounts!$U10=""),"",Accounts!$U10)
A24: =IF(Accounts!$B11="","",Accounts!$B11) -> Mastercard | B24: =IF($A24="","",Accounts!$J11&"") -> Not started | C24: =IF($A24="","",Accounts!$F11&"") | D24: =IF($A24="","",Accounts!$G11&"") -> Khizar Karim | E24: =IF($A24="","",(COUNTIFS(Checklist!$A$2:$A$400,$A24,Checklist!$B$2:$B$400,"P*",Checklist!$F$2:$F$400,"Done")+COUNTIFS(Checklist!$A$2:$A$400,$A24,Checklist!$B$2:$B$400,"P*",Checklist!$F$2:$F$400,"N/A"))&" / "&COUNTIFS(Checklist!$A$2:$A$400,$A24,Checklist!$B$2:$B$400,"P*")) -> 0 / 0 | F24: =IF($A24="","",IF(Accounts!$K11="","Not held",Accounts!$K11)) -> Not held | G24: =IF(OR($A24="",Accounts!$N11="",Accounts!$O11=""),"",Accounts!$O11-Accounts!$N11) | H24: =IF($A24="","",COUNTIF(Deviations!$B$2:$B$151,$A24)) -> 0 | I24: =IF($A24="","",(AND(OR(Accounts!$J11="Onboarding",Accounts!$J11="Post-onboarding",Accounts!$J11="Done"),Accounts!$K11<>"Go"))*1+(COUNTIFS(Checklist!$A$2:$A$400,$A24,Checklist!$B$2:$B$400,"P*",Checklist!$F$2:$F$400,"Skipped")>0)*1+(AND(Accounts!$M11<>"",Accounts!$K11<>"Go"))*1+(AND(Accounts!$J11="Done",Accounts!$O11=""))*1) -> 0 | J24: =IF($A24="","",(AND(Accounts!$J11<>"Not started",Accounts!$I11=""))*1+(AND(OR(Accounts!$J11="Pre-onboarding",Accounts!$J11="Onboarding"),Accounts!$H11=""))*1+(IF(Accounts!$O11="",FALSE,AND(Accounts!$P11="",TODAY()-Accounts!$O11>2)))*1+(IF(Accounts!$U11="",FALSE,AND(Accounts!$U11<TODAY(),Accounts!$J11<>"Done")))*1+(IF(Accounts!$V11="",TRUE,TODAY()-Accounts!$V11>7))*1+(AND(Accounts!$S11="",Accounts!$J11<>"Done"))*1+(COUNTIFS(Checklist!$A$2:$A$400,$A24,Checklist!$K$2:$K$400,"*Evidence missing*")>0)*1) -> 2 | K24: =IF($A24="","",IF(I24>0,"RED",IF(J24>0,"AMBER","GREEN"))) -> AMBER | L24: =IF($A24="","",IF(AND(OR(Accounts!$J11="Onboarding",Accounts!$J11="Post-onboarding",Accounts!$J11="Done"),Accounts!$K11<>"Go"),"Onboarding started without a Go"&CHAR(10),"")&IF(COUNTIFS(Checklist!$A$2:$A$400,$A24,Checklist!$B$2:$B$400,"P*",Checklist!$F$2:$F$400,"Skipped")>0,"Pre-onboarding step skipped"&CHAR(10),"")&IF(AND(Accounts!$M11<>"",Accounts!$K11<>"Go"),"Date committed before the gate is green"&CHAR(10),"")&IF(AND(Accounts!$J11="Done",Accounts!$O11=""),"Marked Done before all scanners return data"&CHAR(10),"")&IF(AND(Accounts!$J11<>"Not started",Accounts!$I11=""),"No onboarding record linked"&CHAR(10),"")&IF(AND(OR(Accounts!$J11="Pre-onboarding",Accounts!$J11="Onboarding"),Accounts!$H11=""),"No named engineer"&CHAR(10),"")&IF(IF(Accounts!$O11="",FALSE,AND(Accounts!$P11="",TODAY()-Accounts!$O11>2)),"Retro overdue (48h rule)"&CHAR(10),"")&IF(IF(Accounts!$U11="",FALSE,AND(Accounts!$U11<TODAY(),Accounts!$J11<>"Done")),"Next action overdue"&CHAR(10),"")&IF(IF(Accounts!$V11="",TRUE,TODAY()-Accounts!$V11>7),"Not updated in 7+ days"&CHAR(10),"")&IF(AND(Accounts!$S11="",Accounts!$J11<>"Done"),"No next action set"&CHAR(10),"")&IF(COUNTIFS(Checklist!$A$2:$A$400,$A24,Checklist!$K$2:$K$400,"*Evidence missing*")>0,"Done step missing evidence"&CHAR(10),"")) -> Not updated in 7+ days No next action set | M24: =IF($A24="","",Accounts!$S11&"") | N24: =IF($A24="","",Accounts!$T11&"") | O24: =IF(OR($A24="",Accounts!$U11=""),"",Accounts!$U11)
A25: =IF(Accounts!$B12="","",Accounts!$B12) -> Thales | B25: =IF($A25="","",Accounts!$J12&"") -> Onboarding | C25: =IF($A25="","",Accounts!$F12&"") -> Ariel Nin | D25: =IF($A25="","",Accounts!$G12&"") -> Steve Briand | E25: =IF($A25="","",(COUNTIFS(Checklist!$A$2:$A$400,$A25,Checklist!$B$2:$B$400,"P*",Checklist!$F$2:$F$400,"Done")+COUNTIFS(Checklist!$A$2:$A$400,$A25,Checklist!$B$2:$B$400,"P*",Checklist!$F$2:$F$400,"N/A"))&" / "&COUNTIFS(Checklist!$A$2:$A$400,$A25,Checklist!$B$2:$B$400,"P*")) -> 0 / 8 | F25: =IF($A25="","",IF(Accounts!$K12="","Not held",Accounts!$K12)) -> Not held | G25: =IF(OR($A25="",Accounts!$N12="",Accounts!$O12=""),"",Accounts!$O12-Accounts!$N12) | H25: =IF($A25="","",COUNTIF(Deviations!$B$2:$B$151,$A25)) -> 0 | I25: =IF($A25="","",(AND(OR(Accounts!$J12="Onboarding",Accounts!$J12="Post-onboarding",Accounts!$J12="Done"),Accounts!$K12<>"Go"))*1+(COUNTIFS(Checklist!$A$2:$A$400,$A25,Checklist!$B$2:$B$400,"P*",Checklist!$F$2:$F$400,"Skipped")>0)*1+(AND(Accounts!$M12<>"",Accounts!$K12<>"Go"))*1+(AND(Accounts!$J12="Done",Accounts!$O12=""))*1) -> 2 | J25: =IF($A25="","",(AND(Accounts!$J12<>"Not started",Accounts!$I12=""))*1+(AND(OR(Accounts!$J12="Pre-onboarding",Accounts!$J12="Onboarding"),Accounts!$H12=""))*1+(IF(Accounts!$O12="",FALSE,AND(Accounts!$P12="",TODAY()-Accounts!$O12>2)))*1+(IF(Accounts!$U12="",FALSE,AND(Accounts!$U12<TODAY(),Accounts!$J12<>"Done")))*1+(IF(Accounts!$V12="",TRUE,TODAY()-Accounts!$V12>7))*1+(AND(Accounts!$S12="",Accounts!$J12<>"Done"))*1+(COUNTIFS(Checklist!$A$2:$A$400,$A25,Checklist!$K$2:$K$400,"*Evidence missing*")>0)*1) -> 4 | K25: =IF($A25="","",IF(I25>0,"RED",IF(J25>0,"AMBER","GREEN"))) -> RED | L25: =IF($A25="","",IF(AND(OR(Accounts!$J12="Onboarding",Accounts!$J12="Post-onboarding",Accounts!$J12="Done"),Accounts!$K12<>"Go"),"Onboarding started without a Go"&CHAR(10),"")&IF(COUNTIFS(Checklist!$A$2:$A$400,$A25,Checklist!$B$2:$B$400,"P*",Checklist!$F$2:$F$400,"Skipped")>0,"Pre-onboarding step skipped"&CHAR(10),"")&IF(AND(Accounts!$M12<>"",Accounts!$K12<>"Go"),"Date committed before the gate is green"&CHAR(10),"")&IF(AND(Accounts!$J12="Done",Accounts!$O12=""),"Marked Done before all scanners return data"&CHAR(10),"")&IF(AND(Accounts!$J12<>"Not started",Accounts!$I12=""),"No onboarding record linked"&CHAR(10),"")&IF(AND(OR(Accounts!$J12="Pre-onboarding",Accounts!$J12="Onboarding"),Accounts!$H12=""),"No named engineer"&CHAR(10),"")&IF(IF(Accounts!$O12="",FALSE,AND(Accounts!$P12="",TODAY()-Accounts!$O12>2)),"Retro overdue (48h rule)"&CHAR(10),"")&IF(IF(Accounts!$U12="",FALSE,AND(Accounts!$U12<TODAY(),Accounts!$J12<>"Done")),"Next action overdue"&CHAR(10),"")&IF(IF(Accounts!$V12="",TRUE,TODAY()-Accounts!$V12>7),"Not updated in 7+ days"&CHAR(10),"")&IF(AND(Accounts!$S12="",Accounts!$J12<>"Done"),"No next action set"&CHAR(10),"")&IF(COUNTIFS(Checklist!$A$2:$A$400,$A25,Checklist!$K$2:$K$400,"*Evidence missing*")>0,"Done step missing evidence"&CHAR(10),"")) -> Onboarding started without a Go Date committed before the gate is green No onboarding record linked No named engineer Not updated in 7+ days No next action set | M25: =IF($A25="","",Accounts!$S12&"") | N25: =IF($A25="","",Accounts!$T12&"") | O25: =IF(OR($A25="",Accounts!$U12=""),"",Accounts!$U12)
A26: =IF(Accounts!$B13="","",Accounts!$B13) -> Verizon | B26: =IF($A26="","",Accounts!$J13&"") -> Post-onboarding | C26: =IF($A26="","",Accounts!$F13&"") | D26: =IF($A26="","",Accounts!$G13&"") -> Farooq Abrahem | E26: =IF($A26="","",(COUNTIFS(Checklist!$A$2:$A$400,$A26,Checklist!$B$2:$B$400,"P*",Checklist!$F$2:$F$400,"Done")+COUNTIFS(Checklist!$A$2:$A$400,$A26,Checklist!$B$2:$B$400,"P*",Checklist!$F$2:$F$400,"N/A"))&" / "&COUNTIFS(Checklist!$A$2:$A$400,$A26,Checklist!$B$2:$B$400,"P*")) -> 0 / 0 | F26: =IF($A26="","",IF(Accounts!$K13="","Not held",Accounts!$K13)) -> Not held | G26: =IF(OR($A26="",Accounts!$N13="",Accounts!$O13=""),"",Accounts!$O13-Accounts!$N13) | H26: =IF($A26="","",COUNTIF(Deviations!$B$2:$B$151,$A26)) -> 0 | I26: =IF($A26="","",(AND(OR(Accounts!$J13="Onboarding",Accounts!$J13="Post-onboarding",Accounts!$J13="Done"),Accounts!$K13<>"Go"))*1+(COUNTIFS(Checklist!$A$2:$A$400,$A26,Checklist!$B$2:$B$400,"P*",Checklist!$F$2:$F$400,"Skipped")>0)*1+(AND(Accounts!$M13<>"",Accounts!$K13<>"Go"))*1+(AND(Accounts!$J13="Done",Accounts!$O13=""))*1) -> 1 | J26: =IF($A26="","",(AND(Accounts!$J13<>"Not started",Accounts!$I13=""))*1+(AND(OR(Accounts!$J13="Pre-onboarding",Accounts!$J13="Onboarding"),Accounts!$H13=""))*1+(IF(Accounts!$O13="",FALSE,AND(Accounts!$P13="",TODAY()-Accounts!$O13>2)))*1+(IF(Accounts!$U13="",FALSE,AND(Accounts!$U13<TODAY(),Accounts!$J13<>"Done")))*1+(IF(Accounts!$V13="",TRUE,TODAY()-Accounts!$V13>7))*1+(AND(Accounts!$S13="",Accounts!$J13<>"Done"))*1+(COUNTIFS(Checklist!$A$2:$A$400,$A26,Checklist!$K$2:$K$400,"*Evidence missing*")>0)*1) -> 3 | K26: =IF($A26="","",IF(I26>0,"RED",IF(J26>0,"AMBER","GREEN"))) -> RED | L26: =IF($A26="","",IF(AND(OR(Accounts!$J13="Onboarding",Accounts!$J13="Post-onboarding",Accounts!$J13="Done"),Accounts!$K13<>"Go"),"Onboarding started without a Go"&CHAR(10),"")&IF(COUNTIFS(Checklist!$A$2:$A$400,$A26,Checklist!$B$2:$B$400,"P*",Checklist!$F$2:$F$400,"Skipped")>0,"Pre-onboarding step skipped"&CHAR(10),"")&IF(AND(Accounts!$M13<>"",Accounts!$K13<>"Go"),"Date committed before the gate is green"&CHAR(10),"")&IF(AND(Accounts!$J13="Done",Accounts!$O13=""),"Marked Done before all scanners return data"&CHAR(10),"")&IF(AND(Accounts!$J13<>"Not started",Accounts!$I13=""),"No onboarding record linked"&CHAR(10),"")&IF(AND(OR(Accounts!$J13="Pre-onboarding",Accounts!$J13="Onboarding"),Accounts!$H13=""),"No named engineer"&CHAR(10),"")&IF(IF(Accounts!$O13="",FALSE,AND(Accounts!$P13="",TODAY()-Accounts!$O13>2)),"Retro overdue (48h rule)"&CHAR(10),"")&IF(IF(Accounts!$U13="",FALSE,AND(Accounts!$U13<TODAY(),Accounts!$J13<>"Done")),"Next action overdue"&CHAR(10),"")&IF(IF(Accounts!$V13="",TRUE,TODAY()-Accounts!$V13>7),"Not updated in 7+ days"&CHAR(10),"")&IF(AND(Accounts!$S13="",Accounts!$J13<>"Done"),"No next action set"&CHAR(10),"")&IF(COUNTIFS(Checklist!$A$2:$A$400,$A26,Checklist!$K$2:$K$400,"*Evidence missing*")>0,"Done step missing evidence"&CHAR(10),"")) -> Onboarding started without a Go No onboarding record linked Not updated in 7+ days No next action set | M26: =IF($A26="","",Accounts!$S13&"") | N26: =IF($A26="","",Accounts!$T13&"") | O26: =IF(OR($A26="",Accounts!$U13=""),"",Accounts!$U13)
A27: =IF(Accounts!$B14="","",Accounts!$B14) -> Early Warning Services LLC | B27: =IF($A27="","",Accounts!$J14&"") -> Onboarding | C27: =IF($A27="","",Accounts!$F14&"") | D27: =IF($A27="","",Accounts!$G14&"") -> Lindsey Smith | E27: =IF($A27="","",(COUNTIFS(Checklist!$A$2:$A$400,$A27,Checklist!$B$2:$B$400,"P*",Checklist!$F$2:$F$400,"Done")+COUNTIFS(Checklist!$A$2:$A$400,$A27,Checklist!$B$2:$B$400,"P*",Checklist!$F$2:$F$400,"N/A"))&" / "&COUNTIFS(Checklist!$A$2:$A$400,$A27,Checklist!$B$2:$B$400,"P*")) -> 0 / 8 | F27: =IF($A27="","",IF(Accounts!$K14="","Not held",Accounts!$K14)) -> Not held | G27: =IF(OR($A27="",Accounts!$N14="",Accounts!$O14=""),"",Accounts!$O14-Accounts!$N14) | H27: =IF($A27="","",COUNTIF(Deviations!$B$2:$B$151,$A27)) -> 0 | I27: =IF($A27="","",(AND(OR(Accounts!$J14="Onboarding",Accounts!$J14="Post-onboarding",Accounts!$J14="Done"),Accounts!$K14<>"Go"))*1+(COUNTIFS(Checklist!$A$2:$A$400,$A27,Checklist!$B$2:$B$400,"P*",Checklist!$F$2:$F$400,"Skipped")>0)*1+(AND(Accounts!$M14<>"",Accounts!$K14<>"Go"))*1+(AND(Accounts!$J14="Done",Accounts!$O14=""))*1) -> 1 | J27: =IF($A27="","",(AND(Accounts!$J14<>"Not started",Accounts!$I14=""))*1+(AND(OR(Accounts!$J14="Pre-onboarding",Accounts!$J14="Onboarding"),Accounts!$H14=""))*1+(IF(Accounts!$O14="",FALSE,AND(Accounts!$P14="",TODAY()-Accounts!$O14>2)))*1+(IF(Accounts!$U14="",FALSE,AND(Accounts!$U14<TODAY(),Accounts!$J14<>"Done")))*1+(IF(Accounts!$V14="",TRUE,TODAY()-Accounts!$V14>7))*1+(AND(Accounts!$S14="",Accounts!$J14<>"Done"))*1+(COUNTIFS(Checklist!$A$2:$A$400,$A27,Checklist!$K$2:$K$400,"*Evidence missing*")>0)*1) -> 4 | K27: =IF($A27="","",IF(I27>0,"RED",IF(J27>0,"AMBER","GREEN"))) -> RED | L27: =IF($A27="","",IF(AND(OR(Accounts!$J14="Onboarding",Accounts!$J14="Post-onboarding",Accounts!$J14="Done"),Accounts!$K14<>"Go"),"Onboarding started without a Go"&CHAR(10),"")&IF(COUNTIFS(Checklist!$A$2:$A$400,$A27,Checklist!$B$2:$B$400,"P*",Checklist!$F$2:$F$400,"Skipped")>0,"Pre-onboarding step skipped"&CHAR(10),"")&IF(AND(Accounts!$M14<>"",Accounts!$K14<>"Go"),"Date committed before the gate is green"&CHAR(10),"")&IF(AND(Accounts!$J14="Done",Accounts!$O14=""),"Marked Done before all scanners return data"&CHAR(10),"")&IF(AND(Accounts!$J14<>"Not started",Accounts!$I14=""),"No onboarding record linked"&CHAR(10),"")&IF(AND(OR(Accounts!$J14="Pre-onboarding",Accounts!$J14="Onboarding"),Accounts!$H14=""),"No named engineer"&CHAR(10),"")&IF(IF(Accounts!$O14="",FALSE,AND(Accounts!$P14="",TODAY()-Accounts!$O14>2)),"Retro overdue (48h rule)"&CHAR(10),"")&IF(IF(Accounts!$U14="",FALSE,AND(Accounts!$U14<TODAY(),Accounts!$J14<>"Done")),"Next action overdue"&CHAR(10),"")&IF(IF(Accounts!$V14="",TRUE,TODAY()-Accounts!$V14>7),"Not updated in 7+ days"&CHAR(10),"")&IF(AND(Accounts!$S14="",Accounts!$J14<>"Done"),"No next action set"&CHAR(10),"")&IF(COUNTIFS(Checklist!$A$2:$A$400,$A27,Checklist!$K$2:$K$400,"*Evidence missing*")>0,"Done step missing evidence"&CHAR(10),"")) -> Onboarding started without a Go No onboarding record linked No named engineer Not updated in 7+ days No next action set | M27: =IF($A27="","",Accounts!$S14&"") | N27: =IF($A27="","",Accounts!$T14&"") | O27: =IF(OR($A27="",Accounts!$U14=""),"",Accounts!$U14)

Sheet Accounts
A1: # | B1: Account | C1: Motion | D1: Prior onboarding issues | E1: Cloud(s) | F1: PS consultant | G1: TSE | H1: Named engineer | I1: Onboarding Record link | J1: Stage | K1: Go / No Go | L1: Go / No Go date | M1: Committed onboarding date | N1: Terraform apply date | O1: All scanners returning data successfully (date) | P1: Retro date | Q1: CS handover date | R1: Open blocker | S1: Next action | T1: Next action owner | U1: Next action due | V1: Last updated | W1: Notes
A2: 1 | B2: Zoom Video | C2: Upgrade | D2: N | E2: AWS, OCI, GCP, Azure | F2: Matthew Dombrowski | G2: Z Yu | J2: Onboarding | M2: TBD | R2: Issues with asset count in Cortex. Currently being looked at by engineering. | S2: Once issues are resolved, we can continue onboarding GCP and Azure (if customer wants to in migration) | T2: Matt-PS Mark - EE Zoom - Cloud Ops | U2: TBD | V2: 46288
A3: 2 | B3: Broadcom | C3: Upgrade | D3: N | E3: Azure, GCP, AWS | F3: Stephen Lovett | G3: Z Yu | I3: OAE - Broadcom - Tracker | J3: Onboarding | K3: Not held | S3: Pending customer's internal ticket to have cloud admin review outpost terraform files and apply. | V3: 46288
A4: 3 | B4: Telecom Guatemala | C4: Net new | D4: Y | E4: Azure | F4: Ariel Nin | G4: Fabio Cezar (DC) | I4: OAE - Telecomunicaciones De Guatemala - Tracker | J4: Done | M4: 46289 | N4: 09/24 Reapplied on 09/30 | O4: 46300 | Q4: N/A | R4: N/A | S4: Continue the Cortex Cloud CSPM deployment | T4: Ariel Nin - Professional Services | U4: 10/05 onwards | V4: 46303 | W4: N/A
A5: 4 | B5: FIS Global | C5: Net new | D5: Y | E5: Azure, GCP, AWS, OCI | F5: Stephen Lovett | G5: Harold Moore (DC) | I5: OAE - FIS Global - Tracker | J5: Not started | S5: Customer has onboarded all their Cloud Providers however seeing errors and warnings. Customer has indicated expanding security capabilities and pivot towards outposts. | V5: 46288
A6: 5 | B6: Fidelity | C6: Upgrade | D6: Y | E6: Azure | F6: Stephen Lovett | G6: Ravi Badana | I6: OAE - FnF - Tracker | J6: Pre-onboarding | S6: Customer is conducting POV | V6: 46288
A7: 6 | B7: DOI | C7: Upgrade | D7: Y | E7: Azure, GCP, AWS | F7: Stephen Lovett | I7: OAE - DOI - Tracker | J7: Not started | S7: On hold | V7: 46288
A8: 7 | B8: Marriott | C8: Upgrade | D8: N | E8: AWS, Azure, Alibaba, GCP, OCI | F8: Bliss Jourdan | G8: Khizar Karim | I8: OAE - Marriott - Tracker | J8: Onboarding | M8: Next Sprint. Within 2 weeks. | R8: Want updates to the AWS CFT. Want to remove the lamdba function and connect manually. | V8: 46303
A9: 8 | B9: Honeywell International | C9: Upgrade | D9: N | E9: AWS, Azure, Alibaba, GCP, OCI | F9: Kirk Preston | I9: Honeywell Onboarding + Tracker | J9: Onboarding | M9: ETA, Likely 10/27 or 11/3 (contd) | N9: AWS Commercial: 9/17/26, GCP Commercial: 2026-10-15 | O9: AWS Commerical: 2026-09-24 | Q9: N/A | R9: Customer is evaluating compliance reporting parity before onboarding more accounts/CSPs. This could delay onboarding. | S9: Download CSP templates for internal review proactively. | T9: TBD | U9: TBD | V9: 46314
A10: 9 | B10: Salesforce - ESS org | C10: Upgrade | D10: N | F10: Bliss Jourdan | G10: Khizar Karim | J10: Not started | V10: 46288
A11: 10 | B11: Mastercard | C11: Upgrade | D11: Unknown | G11: Khizar Karim | J11: Not started | V11: 46288
A12: 11 | B12: Thales | C12: Upgrade | D12: Y | E12: AWS,GCP | F12: Ariel Nin | G12: Steve Briand | J12: Onboarding | K12: Not held | M12: 46294 | R12: Csutomer is evaluating Cortex Cloud vs Wiz and has experienced various Errors and Warnings during onboarding.
A13: 12 | B13: Verizon | C13: Upgrade | D13: Y | E13: AWS | G13: Farooq Abrahem | J13: Post-onboarding | N13: 46293 | R13: We have onboarded Verizon to AWS outpost. They are evaluating Wiz too. | W13: Over the past week, we have been working through a series of AWS governance blockers with Verizon to deploy the Cortex Cloud Outpost, starting with a Duplicate tag key 'Name' error that was resolved by removing the 'Name' tag from the Terraform variables. After that, scans failed with InvalidSnapshot.NotFound because Verizon's internal auto-tagging Lambda (VzGov-Tagger) was aggressively deleting our temporary snapshots for lacking mandatory corporate tags, which the customer has since mitigated by updating their Lambda configuration to whitelist the Cortex role. Today, however, we are seeing new failures—specifically Workload status not found and InvalidVolume.NotFound (likely due to Cortex targeting ephemeral volumes that their auto-scaler already terminated). Because the customer is experiencing severe migration fatigue and Wiz is actively courting them, we cannot ask Verizon to pull more CloudTrail logs. We urgently need backend engineering to review our internal telemetry for the Outpost proxy connection and fleet logs to determine why the scanner workloads are failing to launch or report back.
A14: 13 | B14: Early Warning Services LLC | C14: Upgrade | D14: Y | E14: AWS, Azure | G14: Lindsey Smith | J14: Onboarding | R14: EWS are experiencing very low resource accounts indicating issues with onboarding | W14: AWS is their largest cloud provider and primary focus. EWS have tried to onboard on their own, with multiple tries, but not full success.
A15: 14
A16: 15
A17: 16
A18: 17
A19: 18
A20: 19
A21: 20

Sheet Checklist
A1: Account | B1: Step ID (P = Pre, D = During, V = Post) | C1: Step (full text and exit criterion in Steps tab) | D1: Owner role | E1: Named owner | F1: Status | G1: Date done | H1: Evidence / asset link | I1: Evidence required | J1: Notes | K1: Row flag
A2: Zoom Video | B2: P1 | C2: Onboarding Record created and linked | D2: TSE | E2: {=IF($A2="","",IFERROR(IF($D2="TSE",INDEX(Accounts!$G$2:$G$21,MATCH($A2,Accounts!$B$2:$B$21,0))&"",IF($D2="PS",INDEX(Accounts!$F$2:$F$21,MATCH($A2,Accounts!$B$2:$B$21,0))&"",IF($D2="Named engineer",INDEX(Accounts!$I$2:$I$21,MATCH($A2,Accounts!$B$2:$B$21,0))&"",IF($D2="TSE + PS",IF(INDEX(Accounts!$G$2:$G$21,MATCH($A2,Accounts!$B$2:$B$21,0))&""="","(no TSE)",INDEX(Accounts!$G$2:$G$21,MATCH($A2,Accounts!$B$2:$B$21,0))&"")&" / "&IF(INDEX(Accounts!$F$2:$F$21,MATCH($A2,Accounts!$B$2:$B$21,0))&""="","(no PS)",INDEX(Accounts!$F$2:$F$21,MATCH($A2,Accounts!$B$2:$B$21,0))&""),"")))),""))} -> Z Yu | F2: Not started | I2: Y | K2: =IF(F2="Done",IF(AND(I2="Y",H2=""),"Evidence missing ","")&IF(G2="","Date missing ",""),"")&IF(E2="","Owner missing ","")&IF(F2="Skipped","Skipped","")
A3: Zoom Video | B3: P2 | C3: Technical assessment | D3: TSE | E3: {=IF($A3="","",IFERROR(IF($D3="TSE",INDEX(Accounts!$G$2:$G$21,MATCH($A3,Accounts!$B$2:$B$21,0))&"",IF($D3="PS",INDEX(Accounts!$F$2:$F$21,MATCH($A3,Accounts!$B$2:$B$21,0))&"",IF($D3="Named engineer",INDEX(Accounts!$I$2:$I$21,MATCH($A3,Accounts!$B$2:$B$21,0))&"",IF($D3="TSE + PS",IF(INDEX(Accounts!$G$2:$G$21,MATCH($A3,Accounts!$B$2:$B$21,0))&""="","(no TSE)",INDEX(Accounts!$G$2:$G$21,MATCH($A3,Accounts!$B$2:$B$21,0))&"")&" / "&IF(INDEX(Accounts!$F$2:$F$21,MATCH($A3,Accounts!$B$2:$B$21,0))&""="","(no PS)",INDEX(Accounts!$F$2:$F$21,MATCH($A3,Accounts!$B$2:$B$21,0))&""),"")))),""))} -> Z Yu | F3: Not started | I3: Y | K3: =IF(F3="Done",IF(AND(I3="Y",H3=""),"Evidence missing ","")&IF(G3="","Date missing ",""),"")&IF(E3="","Owner missing ","")&IF(F3="Skipped","Skipped","")
A4: Zoom Video | B4: P3 | C4: Permission pre-flight on named admins | D4: TSE | E4: {=IF($A4="","",IFERROR(IF($D4="TSE",INDEX(Accounts!$G$2:$G$21,MATCH($A4,Accounts!$B$2:$B$21,0))&"",IF($D4="PS",INDEX(Accounts!$F$2:$F$21,MATCH($A4,Accounts!$B$2:$B$21,0))&"",IF($D4="Named engineer",INDEX(Accounts!$I$2:$I$21,MATCH($A4,Accounts!$B$2:$B$21,0))&"",IF($D4="TSE + PS",IF(INDEX(Accounts!$G$2:$G$21,MATCH($A4,Accounts!$B$2:$B$21,0))&""="","(no TSE)",INDEX(Accounts!$G$2:$G$21,MATCH($A4,Accounts!$B$2:$B$21,0))&"")&" / "&IF(INDEX(Accounts!$F$2:$F$21,MATCH($A4,Accounts!$B$2:$B$21,0))&""="","(no PS)",INDEX(Accounts!$F$2:$F$21,MATCH($A4,Accounts!$B$2:$B$21,0))&""),"")))),""))} -> Z Yu | F4: Not started | I4: Y | K4: =IF(F4="Done",IF(AND(I4="Y",H4=""),"Evidence missing ","")&IF(G4="","Date missing ",""),"")&IF(E4="","Owner missing ","")&IF(F4="Skipped","Skipped","")
A5: Zoom Video | B5: P4 | C5: Engineering review; pre-facto noise suppression | D5: Named engineer | E5: {=IF($A5="","",IFERROR(IF($D5="TSE",INDEX(Accounts!$G$2:$G$21,MATCH($A5,Accounts!$B$2:$B$21,0))&"",IF($D5="PS",INDEX(Accounts!$F$2:$F$21,MATCH($A5,Accounts!$B$2:$B$21,0))&"",IF($D5="Named engineer",INDEX(Accounts!$I$2:$I$21,MATCH($A5,Accounts!$B$2:$B$21,0))&"",IF($D5="TSE + PS",IF(INDEX(Accounts!$G$2:$G$21,MATCH($A5,Accounts!$B$2:$B$21,0))&""="","(no TSE)",INDEX(Accounts!$G$2:$G$21,MATCH($A5,Accounts!$B$2:$B$21,0))&"")&" / "&IF(INDEX(Accounts!$F$2:$F$21,MATCH($A5,Accounts!$B$2:$B$21,0))&""="","(no PS)",INDEX(Accounts!$F$2:$F$21,MATCH($A5,Accounts!$B$2:$B$21,0))&""),"")))),""))} | F5: Not started | I5: Y | K5: =IF(F5="Done",IF(AND(I5="Y",H5=""),"Evidence missing ","")&IF(G5="","Date missing ",""),"")&IF(E5="","Owner missing ","")&IF(F5="Skipped","Skipped","") -> Owner missing
A6: Zoom Video | B6: P5 | C6: Branch decisions recorded | D6: TSE | E6: {=IF($A6="","",IFERROR(IF($D6="TSE",INDEX(Accounts!$G$2:$G$21,MATCH($A6,Accounts!$B$2:$B$21,0))&"",IF($D6="PS",INDEX(Accounts!$F$2:$F$21,MATCH($A6,Accounts!$B$2:$B$21,0))&"",IF($D6="Named engineer",INDEX(Accounts!$I$2:$I$21,MATCH($A6,Accounts!$B$2:$B$21,0))&"",IF($D6="TSE + PS",IF(INDEX(Accounts!$G$2:$G$21,MATCH($A6,Accounts!$B$2:$B$21,0))&""="","(no TSE)",INDEX(Accounts!$G$2:$G$21,MATCH($A6,Accounts!$B$2:$B$21,0))&"")&" / "&IF(INDEX(Accounts!$F$2:$F$21,MATCH($A6,Accounts!$B$2:$B$21,0))&""="","(no PS)",INDEX(Accounts!$F$2:$F$21,MATCH($A6,Accounts!$B$2:$B$21,0))&""),"")))),""))} -> Z Yu | F6: Not started | I6: Y | K6: =IF(F6="Done",IF(AND(I6="Y",H6=""),"Evidence missing ","")&IF(G6="","Date missing ",""),"")&IF(E6="","Owner missing ","")&IF(F6="Skipped","Skipped","")
A7: Zoom Video | B7: P6 | C7: Wizard and branches workshop (TSE, TPE, PS) | D7: TSE | E7: {=IF($A7="","",IFERROR(IF($D7="TSE",INDEX(Accounts!$G$2:$G$21,MATCH($A7,Accounts!$B$2:$B$21,0))&"",IF($D7="PS",INDEX(Accounts!$F$2:$F$21,MATCH($A7,Accounts!$B$2:$B$21,0))&"",IF($D7="Named engineer",INDEX(Accounts!$I$2:$I$21,MATCH($A7,Accounts!$B$2:$B$21,0))&"",IF($D7="TSE + PS",IF(INDEX(Accounts!$G$2:$G$21,MATCH($A7,Accounts!$B$2:$B$21,0))&""="","(no TSE)",INDEX(Accounts!$G$2:$G$21,MATCH($A7,Accounts!$B$2:$B$21,0))&"")&" / "&IF(INDEX(Accounts!$F$2:$F$21,MATCH($A7,Accounts!$B$2:$B$21,0))&""="","(no PS)",INDEX(Accounts!$F$2:$F$21,MATCH($A7,Accounts!$B$2:$B$21,0))&""),"")))),""))} -> Z Yu | F7: Not started | I7: N | K7: =IF(F7="Done",IF(AND(I7="Y",H7=""),"Evidence missing ","")&IF(G7="","Date missing ",""),"")&IF(E7="","Owner missing ","")&IF(F7="Skipped","Skipped","")
A8: Zoom Video | B8: P7 | C8: Customer briefing: findings vs. issues, no template edits | D8: PS | E8: {=IF($A8="","",IFERROR(IF($D8="TSE",INDEX(Accounts!$G$2:$G$21,MATCH($A8,Accounts!$B$2:$B$21,0))&"",IF($D8="PS",INDEX(Accounts!$F$2:$F$21,MATCH($A8,Accounts!$B$2:$B$21,0))&"",IF($D8="Named engineer",INDEX(Accounts!$I$2:$I$21,MATCH($A8,Accounts!$B$2:$B$21,0))&"",IF($D8="TSE + PS",IF(INDEX(Accounts!$G$2:$G$21,MATCH($A8,Accounts!$B$2:$B$21,0))&""="","(no TSE)",INDEX(Accounts!$G$2:$G$21,MATCH($A8,Accounts!$B$2:$B$21,0))&"")&" / "&IF(INDEX(Accounts!$F$2:$F$21,MATCH($A8,Accounts!$B$2:$B$21,0))&""="","(no PS)",INDEX(Accounts!$F$2:$F$21,MATCH($A8,Accounts!$B$2:$B$21,0))&""),"")))),""))} -> Matthew Dombrowski | F8: Not started | I8: N | K8: =IF(F8="Done",IF(AND(I8="Y",H8=""),"Evidence missing ","")&IF(G8="","Date missing ",""),"")&IF(E8="","Owner missing ","")&IF(F8="Skipped","Skipped","")
A9: Zoom Video | B9: P8 | C9: Go / No Go with committed date | D9: TSE + PS | E9: {=IF($A9="","",IFERROR(IF($D9="TSE",INDEX(Accounts!$G$2:$G$21,MATCH($A9,Accounts!$B$2:$B$21,0))&"",IF($D9="PS",INDEX(Accounts!$F$2:$F$21,MATCH($A9,Accounts!$B$2:$B$21,0))&"",IF($D9="Named engineer",INDEX(Accounts!$I$2:$I$21,MATCH($A9,Accounts!$B$2:$B$21,0))&"",IF($D9="TSE + PS",IF(INDEX(Accounts!$G$2:$G$21,MATCH($A9,Accounts!$B$2:$B$21,0))&""="","(no TSE)",INDEX(Accounts!$G$2:$G$21,MATCH($A9,Accounts!$B$2:$B$21,0))&"")&" / "&IF(INDEX(Accounts!$F$2:$F$21,MATCH($A9,Accounts!$B$2:$B$21,0))&""="","(no PS)",INDEX(Accounts!$F$2:$F$21,MATCH($A9,Accounts!$B$2:$B$21,0))&""),"")))),""))} -> Z Yu / Matthew Dombrowski | F9: Not started | I9: Y | K9: =IF(F9="Done",IF(AND(I9="Y",H9=""),"Evidence missing ","")&IF(G9="","Date missing ",""),"")&IF(E9="","Owner missing ","")&IF(F9="Skipped","Skipped","")
A10: Zoom Video | B10: D1 | C10: First account validated end to end | D10: PS | E10: {=IF($A10="","",IFERROR(IF($D10="TSE",INDEX(Accounts!$G$2:$G$21,MATCH($A10,Accounts!$B$2:$B$21,0))&"",IF($D10="PS",INDEX(Accounts!$F$2:$F$21,MATCH($A10,Accounts!$B$2:$B$21,0))&"",IF($D10="Named engineer",INDEX(Accounts!$I$2:$I$21,MATCH($A10,Accounts!$B$2:$B$21,0))&"",IF($D10="TSE + PS",IF(INDEX(Accounts!$G$2:$G$21,MATCH($A10,Accounts!$B$2:$B$21,0))&""="","(no TSE)",INDEX(Accounts!$G$2:$G$21,MATCH($A10,Accounts!$B$2:$B$21,0))&"")&" / "&IF(INDEX(Accounts!$F$2:$F$21,MATCH($A10,Accounts!$B$2:$B$21,0))&""="","(no PS)",INDEX(Accounts!$F$2:$F$21,MATCH($A10,Accounts!$B$2:$B$21,0))&""),"")))),""))} -> Matthew Dombrowski | F10: Not started | I10: Y | K10: =IF(F10="Done",IF(AND(I10="Y",H10=""),"Evidence missing ","")&IF(G10="","Date missing ",""),"")&IF(E10="","Owner missing ","")&IF(F10="Skipped","Skipped","")
A11: Zoom Video | B11: D2 | C11: Named engineer on the call | D11: Named engineer | E11: {=IF($A11="","",IFERROR(IF($D11="TSE",INDEX(Accounts!$G$2:$G$21,MATCH($A11,Accounts!$B$2:$B$21,0))&"",IF($D11="PS",INDEX(Accounts!$F$2:$F$21,MATCH($A11,Accounts!$B$2:$B$21,0))&"",IF($D11="Named engineer",INDEX(Accounts!$I$2:$I$21,MATCH($A11,Accounts!$B$2:$B$21,0))&"",IF($D11="TSE + PS",IF(INDEX(Accounts!$G$2:$G$21,MATCH($A11,Accounts!$B$2:$B$21,0))&""="","(no TSE)",INDEX(Accounts!$G$2:$G$21,MATCH($A11,Accounts!$B$2:$B$21,0))&"")&" / "&IF(INDEX(Accounts!$F$2:$F$21,MATCH($A11,Accounts!$B$2:$B$21,0))&""="","(no PS)",INDEX(Accounts!$F$2:$F$21,MATCH($A11,Accounts!$B$2:$B$21,0))&""),"")))),""))} | F11: Not started | I11: N | K11: =IF(F11="Done",IF(AND(I11="Y",H11=""),"Evidence missing ","")&IF(G11="","Date missing ",""),"")&IF(E11="","Owner missing ","")&IF(F11="Skipped","Skipped","") -> Owner missing
A12: Zoom Video | B12: D3 | C12: Deviations logged live | D12: PS | E12: {=IF($A12="","",IFERROR(IF($D12="TSE",INDEX(Accounts!$G$2:$G$21,MATCH($A12,Accounts!$B$2:$B$21,0))&"",IF($D12="PS",INDEX(Accounts!$F$2:$F$21,MATCH($A12,Accounts!$B$2:$B$21,0))&"",IF($D12="Named engineer",INDEX(Accounts!$I$2:$I$21,MATCH($A12,Accounts!$B$2:$B$21,0))&"",IF($D12="TSE + PS",IF(INDEX(Accounts!$G$2:$G$21,MATCH($A12,Accounts!$B$2:$B$21,0))&""="","(no TSE)",INDEX(Accounts!$G$2:$G$21,MATCH($A12,Accounts!$B$2:$B$21,0))&"")&" / "&IF(INDEX(Accounts!$F$2:$F$21,MATCH($A12,Accounts!$B$2:$B$21,0))&""="","(no PS)",INDEX(Accounts!$F$2:$F$21,MATCH($A12,Accounts!$B$2:$B$21,0))&""),"")))),""))} -> Matthew Dombrowski | F12: Not started | I12: N | K12: =IF(F12="Done",IF(AND(I12="Y",H12=""),"Evidence missing ","")&IF(G12="","Date missing ",""),"")&IF(E12="","Owner missing ","")&IF(F12="Skipped","Skipped","")
A13: Zoom Video | B13: D4 | C13: Org onboarded; Terraform applied | D13: PS | E13: {=IF($A13="","",IFERROR(IF($D13="TSE",INDEX(Accounts!$G$2:$G$21,MATCH($A13,Accounts!$B$2:$B$21,0))&"",IF($D13="PS",INDEX(Accounts!$F$2:$F$21,MATCH($A13,Accounts!$B$2:$B$21,0))&"",IF($D13="Named engineer",INDEX(Accounts!$I$2:$I$21,MATCH($A13,Accounts!$B$2:$B$21,0))&"",IF($D13="TSE + PS",IF(INDEX(Accounts!$G$2:$G$21,MATCH($A13,Accounts!$B$2:$B$21,0))&""="","(no TSE)",INDEX(Accounts!$G$2:$G$21,MATCH($A13,Accounts!$B$2:$B$21,0))&"")&" / "&IF(INDEX(Accounts!$F$2:$F$21,MATCH($A13,Accounts!$B$2:$B$21,0))&""="","(no PS)",INDEX(Accounts!$F$2:$F$21,MATCH($A13,Accounts!$B$2:$B$21,0))&""),"")))),""))} -> Matthew Dombrowski | F13: Not started | I13: N | K13: =IF(F13="Done",IF(AND(I13="Y",H13=""),"Evidence missing ","")&IF(G13="","Date missing ",""),"")&IF(E13="","Owner missing ","")&IF(F13="Skipped","Skipped","")
... A18: Broadcom | B18: P1 | C18: Onboarding Record created and linked | D18: TSE | E18: {=IF($A18="","",IFERROR(IF($D18="TSE",INDEX(Accounts!$G$2:$G$21,MATCH($A18,Accounts!$B$2:$B$21,0))&"",IF($D18="PS",INDEX(Accounts!$F$2:$F$21,MATCH($A18,Accounts!$B$2:$B$21,0))&"",IF($D18="Named engineer",INDEX(Accounts!$I$2:$I$21,MATCH($A18,Accounts!$B$2:$B$21,0))&"",IF($D18="TSE + PS",IF(INDEX(Accounts!$G$2:$G$21,MATCH($A18,Accounts!$B$2:$B$21,0))&""="","(no TSE)",INDEX(Accounts!$G$2:$G$21,MATCH($A18,Accounts!$B$2:$B$21,0))&"")&" / "&IF(INDEX(Accounts!$F$2:$F$21,MATCH($A18,Accounts!$B$2:$B$21,0))&""="","(no PS)",INDEX(Accounts!$F$2:$F$21,MATCH($A18,Accounts!$B$2:$B$21,0))&""),"")))),""))} -> Z Yu | F18: Not started | I18: Y | K18: =IF(F18="Done",IF(AND(I18="Y",H18=""),"Evidence missing ","")&IF(G18="","Date missing ",""),"")&IF(E18="","Owner missing ","")&IF(F18="Skipped","Skipped","")
A19: Broadcom | B19: P2 | C19: Technical assessment | D19: TSE | E19: {=IF($A19="","",IFERROR(IF($D19="TSE",INDEX(Accounts!$G$2:$G$21,MATCH($A19,Accounts!$B$2:$B$21,0))&"",IF($D19="PS",INDEX(Accounts!$F$2:$F$21,MATCH($A19,Accounts!$B$2:$B$21,0))&"",IF($D19="Named engineer",INDEX(Accounts!$I$2:$I$21,MATCH($A19,Accounts!$B$2:$B$21,0))&"",IF($D19="TSE + PS",IF(INDEX(Accounts!$G$2:$G$21,MATCH($A19,Accounts!$B$2:$B$21,0))&""="","(no TSE)",INDEX(Accounts!$G$2:$G$21,MATCH($A19,Accounts!$B$2:$B$21,0))&"")&" / "&IF(INDEX(Accounts!$F$2:$F$21,MATCH($A19,Accounts!$B$2:$B$21,0))&""="","(no PS)",INDEX(Accounts!$F$2:$F$21,MATCH($A19,Accounts!$B$2:$B$21,0))&""),"")))),""))} -> Z Yu | F19: Done | G19: 46273 | I19: Y | K19: =IF(F19="Done",IF(AND(I19="Y",H19=""),"Evidence missing ","")&IF(G19="","Date missing ",""),"")&IF(E19="","Owner missing ","")&IF(F19="Skipped","Skipped","") -> Evidence missing
A20: Broadcom | B20: P3 | C20: Permission pre-flight on named admins | D20: TSE | E20: {=IF($A20="","",IFERROR(IF($D20="TSE",INDEX(Accounts!$G$2:$G$21,MATCH($A20,Accounts!$B$2:$B$21,0))&"",IF($D20="PS",INDEX(Accounts!$F$2:$F$21,MATCH($A20,Accounts!$B$2:$B$21,0))&"",IF($D20="Named engineer",INDEX(Accounts!$I$2:$I$21,MATCH($A20,Accounts!$B$2:$B$21,0))&"",IF($D20="TSE + PS",IF(INDEX(Accounts!$G$2:$G$21,MATCH($A20,Accounts!$B$2:$B$21,0))&""="","(no TSE)",INDEX(Accounts!$G$2:$G$21,MATCH($A20,Accounts!$B$2:$B$21,0))&"")&" / "&IF(INDEX(Accounts!$F$2:$F$21,MATCH($A20,Accounts!$B$2:$B$21,0))&""="","(no PS)",INDEX(Accounts!$F$2:$F$21,MATCH($A20,Accounts!$B$2:$B$21,0))&""),"")))),""))} -> Z Yu | F20: Not started | I20: Y | K20: =IF(F20="Done",IF(AND(I20="Y",H20=""),"Evidence missing ","")&IF(G20="","Date missing ",""),"")&IF(E20="","Owner missing ","")&IF(F20="Skipped","Skipped","")
A21: Broadcom | B21: P4 | C21: Engineering review; pre-facto noise suppression | D21: Named engineer | E21: {=IF($A21="","",IFERROR(IF($D21="TSE",INDEX(Accounts!$G$2:$G$21,MATCH($A21,Accounts!$B$2:$B$21,0))&"",IF($D21="PS",INDEX(Accounts!$F$2:$F$21,MATCH($A21,Accounts!$B$2:$B$21,0))&"",IF($D21="Named engineer",INDEX(Accounts!$I$2:$I$21,MATCH($A21,Accounts!$B$2:$B$21,0))&"",IF($D21="TSE + PS",IF(INDEX(Accounts!$G$2:$G$21,MATCH($A21,Accounts!$B$2:$B$21,0))&""="","(no TSE)",INDEX(Accounts!$G$2:$G$21,MATCH($A21,Accounts!$B$2:$B$21,0))&"")&" / "&IF(INDEX(Accounts!$F$2:$F$21,MATCH($A21,Accounts!$B$2:$B$21,0))&""="","(no PS)",INDEX(Accounts!$F$2:$F$21,MATCH($A21,Accounts!$B$2:$B$21,0))&""),"")))),""))} -> OAE - Broadcom - Tracker | F21: Not started | I21: Y | K21: =IF(F21="Done",IF(AND(I21="Y",H21=""),"Evidence missing ","")&IF(G21="","Date missing ",""),"")&IF(E21="","Owner missing ","")&IF(F21="Skipped","Skipped","")
A22: Broadcom | B22: P5 | C22: Branch decisions recorded | D22: TSE | E22: {=IF($A22="","",IFERROR(IF($D22="TSE",INDEX(Accounts!$G$2:$G$21,MATCH($A22,Accounts!$B$2:$B$21,0))&"",IF($D22="PS",INDEX(Accounts!$F$2:$F$21,MATCH($A22,Accounts!$B$2:$B$21,0))&"",IF($D22="Named engineer",INDEX(Accounts!$I$2:$I$21,MATCH($A22,Accounts!$B$2:$B$21,0))&"",IF($D22="TSE + PS",IF(INDEX(Accounts!$G$2:$G$21,MATCH($A22,Accounts!$B$2:$B$21,0))&""="","(no TSE)",INDEX(Accounts!$G$2:$G$21,MATCH($A22,Accounts!$B$2:$B$21,0))&"")&" / "&IF(INDEX(Accounts!$F$2:$F$21,MATCH($A22,Accounts!$B$2:$B$21,0))&""="","(no PS)",INDEX(Accounts!$F$2:$F$21,MATCH($A22,Accounts!$B$2:$B$21,0))&""),"")))),""))} -> Z Yu | F22: Not started | I22: Y | K22: =IF(F22="Done",IF(AND(I22="Y",H22=""),"Evidence missing ","")&IF(G22="","Date missing ",""),"")&IF(E22="","Owner missing ","")&IF(F22="Skipped","Skipped","")
A23: Broadcom | B23: P6 | C23: Wizard and branches workshop (TSE, TPE, PS) | D23: TSE | E23: {=IF($A23="","",IFERROR(IF($D23="TSE",INDEX(Accounts!$G$2:$G$21,MATCH($A23,Accounts!$B$2:$B$21,0))&"",IF($D23="PS",INDEX(Accounts!$F$2:$F$21,MATCH($A23,Accounts!$B$2:$B$21,0))&"",IF($D23="Named engineer",INDEX(Accounts!$I$2:$I$21,MATCH($A23,Accounts!$B$2:$B$21,0))&"",IF($D23="TSE + PS",IF(INDEX(Accounts!$G$2:$G$21,MATCH($A23,Accounts!$B$2:$B$21,0))&""="","(no TSE)",INDEX(Accounts!$G$2:$G$21,MATCH($A23,Accounts!$B$2:$B$21,0))&"")&" / "&IF(INDEX(Accounts!$F$2:$F$21,MATCH($A23,Accounts!$B$2:$B$21,0))&""="","(no PS)",INDEX(Accounts!$F$2:$F$21,MATCH($A23,Accounts!$B$2:$B$21,0))&""),"")))),""))} -> Z Yu | F23: Done | G23: 46275 | I23: N | K23: =IF(F23="Done",IF(AND(I23="Y",H23=""),"Evidence missing ","")&IF(G23="","Date missing ",""),"")&IF(E23="","Owner missing ","")&IF(F23="Skipped","Skipped","")
A24: Broadcom | B24: P7 | C24: Customer briefing: findings vs. issues, no template edits | D24: PS | E24: {=IF($A24="","",IFERROR(IF($D24="TSE",INDEX(Accounts!$G$2:$G$21,MATCH($A24,Accounts!$B$2:$B$21,0))&"",IF($D24="PS",INDEX(Accounts!$F$2:$F$21,MATCH($A24,Accounts!$B$2:$B$21,0))&"",IF($D24="Named engineer",INDEX(Accounts!$I$2:$I$21,MATCH($A24,Accounts!$B$2:$B$21,0))&"",IF($D24="TSE + PS",IF(INDEX(Accounts!$G$2:$G$21,MATCH($A24,Accounts!$B$2:$B$21,0))&""="","(no TSE)",INDEX(Accounts!$G$2:$G$21,MATCH($A24,Accounts!$B$2:$B$21,0))&"")&" / "&IF(INDEX(Accounts!$F$2:$F$21,MATCH($A24,Accounts!$B$2:$B$21,0))&""="","(no PS)",INDEX(Accounts!$F$2:$F$21,MATCH($A24,Accounts!$B$2:$B$21,0))&""),"")))),""))} -> Stephen Lovett | F24: Done | G24: 46280 | I24: N | K24: =IF(F24="Done",IF(AND(I24="Y",H24=""),"Evidence missing ","")&IF(G24="","Date missing ",""),"")&IF(E24="","Owner missing ","")&IF(F24="Skipped","Skipped","")
A25: Broadcom | B25: P8 | C25: Go / No Go with committed date | D25: TSE + PS | E25: {=IF($A25="","",IFERROR(IF($D25="TSE",INDEX(Accounts!$G$2:$G$21,MATCH($A25,Accounts!$B$2:$B$21,0))&"",IF($D25="PS",INDEX(Accounts!$F$2:$F$21,MATCH($A25,Accounts!$B$2:$B$21,0))&"",IF($D25="Named engineer",INDEX(Accounts!$I$2:$I$21,MATCH($A25,Accounts!$B$2:$B$21,0))&"",IF($D25="TSE + PS",IF(INDEX(Accounts!$G$2:$G$21,MATCH($A25,Accounts!$B$2:$B$21,0))&""="","(no TSE)",INDEX(Accounts!$G$2:$G$21,MATCH($A25,Accounts!$B$2:$B$21,0))&"")&" / "&IF(INDEX(Accounts!$F$2:$F$21,MATCH($A25,Accounts!$B$2:$B$21,0))&""="","(no PS)",INDEX(Accounts!$F$2:$F$21,MATCH($A25,Accounts!$B$2:$B$21,0))&""),"")))),""))} -> Z Yu / Stephen Lovett | F25: Not started | I25: Y | K25: =IF(F25="Done",IF(AND(I25="Y",H25=""),"Evidence missing ","")&IF(G25="","Date missing ",""),"")&IF(E25="","Owner missing ","")&IF(F25="Skipped","Skipped","")
A26: Broadcom | B26: D1 | C26: First account validated end to end | D26: PS | E26: {=IF($A26="","",IFERROR(IF($D26="TSE",INDEX(Accounts!$G$2:$G$21,MATCH($A26,Accounts!$B$2:$B$21,0))&"",IF($D26="PS",INDEX(Accounts!$F$2:$F$21,MATCH($A26,Accounts!$B$2:$B$21,0))&"",IF($D26="Named engineer",INDEX(Accounts!$I$2:$I$21,MATCH($A26,Accounts!$B$2:$B$21,0))&"",IF($D26="TSE + PS",IF(INDEX(Accounts!$G$2:$G$21,MATCH($A26,Accounts!$B$2:$B$21,0))&""="","(no TSE)",INDEX(Accounts!$G$2:$G$21,MATCH($A26,Accounts!$B$2:$B$21,0))&"")&" / "&IF(INDEX(Accounts!$F$2:$F$21,MATCH($A26,Accounts!$B$2:$B$21,0))&""="","(no PS)",INDEX(Accounts!$F$2:$F$21,MATCH($A26,Accounts!$B$2:$B$21,0))&""),"")))),""))} -> Stephen Lovett | F26: Not started | I26: Y | K26: =IF(F26="Done",IF(AND(I26="Y",H26=""),"Evidence missing ","")&IF(G26="","Date missing ",""),"")&IF(E26="","Owner missing ","")&IF(F26="Skipped","Skipped","")
A27: Broadcom | B27: D2 | C27: Named engineer on the call | D27: Named engineer | E27: {=IF($A27="","",IFERROR(IF($D27="TSE",INDEX(Accounts!$G$2:$G$21,MATCH($A27,Accounts!$B$2:$B$21,0))&"",IF($D27="PS",INDEX(Accounts!$F$2:$F$21,MATCH($A27,Accounts!$B$2:$B$21,0))&"",IF($D27="Named engineer",INDEX(Accounts!$I$2:$I$21,MATCH($A27,Accounts!$B$2:$B$21,0))&"",IF($D27="TSE + PS",IF(INDEX(Accounts!$G$2:$G$21,MATCH($A27,Accounts!$B$2:$B$21,0))&""="","(no TSE)",INDEX(Accounts!$G$2:$G$21,MATCH($A27,Accounts!$B$2:$B$21,0))&"")&" / "&IF(INDEX(Accounts!$F$2:$F$21,MATCH($A27,Accounts!$B$2:$B$21,0))&""="","(no PS)",INDEX(Accounts!$F$2:$F$21,MATCH($A27,Accounts!$B$2:$B$21,0))&""),"")))),""))} -> OAE - Broadcom - Tracker | F27: Not started | I27: N | K27: =IF(F27="Done",IF(AND(I27="Y",H27=""),"Evidence missing ","")&IF(G27="","Date missing ",""),"")&IF(E27="","Owner missing ","")&IF(F27="Skipped","Skipped","")
A28: Broadcom | B28: D3 | C28: Deviations logged live | D28: PS | E28: {=IF($A28="","",IFERROR(IF($D28="TSE",INDEX(Accounts!$G$2:$G$21,MATCH($A28,Accounts!$B$2:$B$21,0))&"",IF($D28="PS",INDEX(Accounts!$F$2:$F$21,MATCH($A28,Accounts!$B$2:$B$21,0))&"",IF($D28="Named engineer",INDEX(Accounts!$I$2:$I$21,MATCH($A28,Accounts!$B$2:$B$21,0))&"",IF($D28="TSE + PS",IF(INDEX(Accounts!$G$2:$G$21,MATCH($A28,Accounts!$B$2:$B$21,0))&""="","(no TSE)",INDEX(Accounts!$G$2:$G$21,MATCH($A28,Accounts!$B$2:$B$21,0))&"")&" / "&IF(INDEX(Accounts!$F$2:$F$21,MATCH($A28,Accounts!$B$2:$B$21,0))&""="","(no PS)",INDEX(Accounts!$F$2:$F$21,MATCH($A28,Accounts!$B$2:$B$21,0))&""),"")))),""))} -> Stephen Lovett | F28: Not started | I28: N | K28: =IF(F28="Done",IF(AND(I28="Y",H28=""),"Evidence missing ","")&IF(G28="","Date missing ",""),"")&IF(E28="","Owner missing ","")&IF(F28="Skipped","Skipped","")
A29: Broadcom | B29: D4 | C29: Org onboarded; Terraform applied | D29: PS | E29: {=IF($A29="","",IFERROR(IF($D29="TSE",INDEX(Accounts!$G$2:$G$21,MATCH($A29,Accounts!$B$2:$B$21,0))&"",IF($D29="PS",INDEX(Accounts!$F$2:$F$21,MATCH($A29,Accounts!$B$2:$B$21,0))&"",IF($D29="Named engineer",INDEX(Accounts!$I$2:$I$21,MATCH($A29,Accounts!$B$2:$B$21,0))&"",IF($D29="TSE + PS",IF(INDEX(Accounts!$G$2:$G$21,MATCH($A29,Accounts!$B$2:$B$21,0))&""="","(no TSE)",INDEX(Accounts!$G$2:$G$21,MATCH($A29,Accounts!$B$2:$B$21,0))&"")&" / "&IF(INDEX(Accounts!$F$2:$F$21,MATCH($A29,Accounts!$B$2:$B$21,0))&""="","(no PS)",INDEX(Accounts!$F$2:$F$21,MATCH($A29,Accounts!$B$2:$B$21,0))&""),"")))),""))} -> Stephen Lovett | F29: Not started | I29: N | K29: =IF(F29="Done",IF(AND(I29="Y",H29=""),"Evidence missing ","")&IF(G29="","Date missing ",""),"")&IF(E29="","Owner missing ","")&IF(F29="Skipped","Skipped","")
A30: Broadcom | B30: V1 | C30: Validation: all scanners returning data | D30: TSE + PS | E30: {=IF($A30="","",IFERROR(IF($D30="TSE",INDEX(Accounts!$G$2:$G$21,MATCH($A30,Accounts!$B$2:$B$21,0))&"",IF($D30="PS",INDEX(Accounts!$F$2:$F$21,MATCH($A30,Accounts!$B$2:$B$21,0))&"",IF($D30="Named engineer",INDEX(Accounts!$I$2:$I$21,MATCH($A30,Accounts!$B$2:$B$21,0))&"",IF($D30="TSE + PS",IF(INDEX(Accounts!$G$2:$G$21,MATCH($A30,Accounts!$B$2:$B$21,0))&""="","(no TSE)",INDEX(Accounts!$G$2:$G$21,MATCH($A30,Accounts!$B$2:$B$21,0))&"")&" / "&IF(INDEX(Accounts!$F$2:$F$21,MATCH($A30,Accounts!$B$2:$B$21,0))&""="","(no PS)",INDEX(Accounts!$F$2:$F$21,MATCH($A30,Accounts!$B$2:$B$21,0))&""),"")))),""))} -> Z Yu / Stephen Lovett | F30: Not started | I30: Y | K30: =IF(F30="Done",IF(AND(I30="Y",H30=""),"Evidence missing ","")&IF(G30="","Date missing ",""),"")&IF(E30="","Owner missing ","")&IF(F30="Skipped","Skipped","")
A31: Broadcom | B31: V2 | C31: Enablement session | D31: TSE | E31: {=IF($A31="","",IFERROR(IF($D31="TSE",INDEX(Accounts!$G$2:$G$21,MATCH($A31,Accounts!$B$2:$B$21,0))&"",IF($D31="PS",INDEX(Accounts!$F$2:$F$21,MATCH($A31,Accounts!$B$2:$B$21,0))&"",IF($D31="Named engineer",INDEX(Accounts!$I$2:$I$21,MATCH($A31,Accounts!$B$2:$B$21,0))&"",IF($D31="TSE + PS",IF(INDEX(Accounts!$G$2:$G$21,MATCH($A31,Accounts!$B$2:$B$21,0))&""="","(no TSE)",INDEX(Accounts!$G$2:$G$21,MATCH($A31,Accounts!$B$2:$B$21,0))&"")&" / "&IF(INDEX(Accounts!$F$2:$F$21,MATCH($A31,Accounts!$B$2:$B$21,0))&""="","(no PS)",INDEX(Accounts!$F$2:$F$21,MATCH($A31,Accounts!$B$2:$B$21,0))&""),"")))),""))} -> Z Yu | F31: Not started | I31: N | K31: =IF(F31="Done",IF(AND(I31="Y",H31=""),"Evidence missing ","")&IF(G31="","Date missing ",""),"")&IF(E31="","Owner missing ","")&IF(F31="Skipped","Skipped","")
A32: Broadcom | B32: V3 | C32: Retro within 48 hours | D32: TSE | E32: {=IF($A32="","",IFERROR(IF($D32="TSE",INDEX(Accounts!$G$2:$G$21,MATCH($A32,Accounts!$B$2:$B$21,0))&"",IF($D32="PS",INDEX(Accounts!$F$2:$F$21,MATCH($A32,Accounts!$B$2:$B$21,0))&"",IF($D32="Named engineer",INDEX(Accounts!$I$2:$I$21,MATCH($A32,Accounts!$B$2:$B$21,0))&"",IF($D32="TSE + PS",IF(INDEX(Accounts!$G$2:$G$21,MATCH($A32,Accounts!$B$2:$B$21,0))&""="","(no TSE)",INDEX(Accounts!$G$2:$G$21,MATCH($A32,Accounts!$B$2:$B$21,0))&"")&" / "&IF(INDEX(Accounts!$F$2:$F$21,MATCH($A32,Accounts!$B$2:$B$21,0))&""="","(no PS)",INDEX(Accounts!$F$2:$F$21,MATCH($A32,Accounts!$B$2:$B$21,0))&""),"")))),""))} -> Z Yu | F32: Not started | I32: Y | K32: =IF(F32="Done",IF(AND(I32="Y",H32=""),"Evidence missing ","")&IF(G32="","Date missing ",""),"")&IF(E32="","Owner missing ","")&IF(F32="Skipped","Skipped","")
A33: Broadcom | B33: V4 | C33: CS handover | D33: TSE | E33: {=IF($A33="","",IFERROR(IF($D33="TSE",INDEX(Accounts!$G$2:$G$21,MATCH($A33,Accounts!$B$2:$B$21,0))&"",IF($D33="PS",INDEX(Accounts!$F$2:$F$21,MATCH($A33,Accounts!$B$2:$B$21,0))&"",IF($D33="Named engineer",INDEX(Accounts!$I$2:$I$21,MATCH($A33,Accounts!$B$2:$B$21,0))&"",IF($D33="TSE + PS",IF(INDEX(Accounts!$G$2:$G$21,MATCH($A33,Accounts!$B$2:$B$21,0))&""="","(no TSE)",INDEX(Accounts!$G$2:$G$21,MATCH($A33,Accounts!$B$2:$B$21,0))&"")&" / "&IF(INDEX(Accounts!$F$2:$F$21,MATCH($A33,Accounts!$B$2:$B$21,0))&""="","(no PS)",INDEX(Accounts!$F$2:$F$21,MATCH($A33,Accounts!$B$2:$B$21,0))&""),"")))),""))} -> Z Yu | F33: Not started | I33: Y | K33: =IF(F33="Done",IF(AND(I33="Y",H33=""),"Evidence missing ","")&IF(G33="","Date missing ",""),"")&IF(E33="","Owner missing ","")&IF(F33="Skipped","Skipped","")
A34: Telecom Guatemala | B34: P1 | C34: Onboarding Record created and linked | D34: TSE | E34: {=IF($A34="","",IFERROR(IF($D34="TSE",INDEX(Accounts!$G$2:$G$21,MATCH($A34,Accounts!$B$2:$B$21,0))&"",IF($D34="PS",INDEX(Accounts!$F$2:$F$21,MATCH($A34,Accounts!$B$2:$B$21,0))&"",IF($D34="Named engineer",INDEX(Accounts!$I$2:$I$21,MATCH($A34,Accounts!$B$2:$B$21,0))&"",IF($D34="TSE + PS",IF(INDEX(Accounts!$G$2:$G$21,MATCH($A34,Accounts!$B$2:$B$21,0))&""="","(no TSE)",INDEX(Accounts!$G$2:$G$21,MATCH($A34,Accounts!$B$2:$B$21,0))&"")&" / "&IF(INDEX(Accounts!$F$2:$F$21,MATCH($A34,Accounts!$B$2:$B$21,0))&""="","(no PS)",INDEX(Accounts!$F$2:$F$21,MATCH($A34,Accounts!$B$2:$B$21,0))&""),"")))),""))} -> Fabio Cezar (DC) | F34: Done | H34: OAE - Telecomunicaciones De Guatemala - Tracker | I34: Y | K34: =IF(F34="Done",IF(AND(I34="Y",H34=""),"Evidence missing ","")&IF(G34="","Date missing ",""),"")&IF(E34="","Owner missing ","")&IF(F34="Skipped","Skipped","") -> Date missing
A35: Telecom Guatemala | B35: P2 | C35: Technical assessment | D35: TSE | E35: {=IF($A35="","",IFERROR(IF($D35="TSE",INDEX(Accounts!$G$2:$G$21,MATCH($A35,Accounts!$B$2:$B$21,0))&"",IF($D35="PS",INDEX(Accounts!$F$2:$F$21,MATCH($A35,Accounts!$B$2:$B$21,0))&"",IF($D35="Named engineer",INDEX(Accounts!$I$2:$I$21,MATCH($A35,Accounts!$B$2:$B$21,0))&"",IF($D35="TSE + PS",IF(INDEX(Accounts!$G$2:$G$21,MATCH($A35,Accounts!$B$2:$B$21,0))&""="","(no TSE)",INDEX(Accounts!$G$2:$G$21,MATCH($A35,Accounts!$B$2:$B$21,0))&"")&" / "&IF(INDEX(Accounts!$F$2:$F$21,MATCH($A35,Accounts!$B$2:$B$21,0))&""="","(no PS)",INDEX(Accounts!$F$2:$F$21,MATCH($A35,Accounts!$B$2:$B$21,0))&""),"")))),""))} -> Fabio Cezar (DC) | F35: Done | H35: OAE - Telecomunicaciones De Guatemala - Tracker | I35: Y | K35: =IF(F35="Done",IF(AND(I35="Y",H35=""),"Evidence missing ","")&IF(G35="","Date missing ",""),"")&IF(E35="","Owner missing ","")&IF(F35="Skipped","Skipped","") -> Date missing
A36: Telecom Guatemala | B36: P3 | C36: Permission pre-flight on named admins | D36: TSE | E36: {=IF($A36="","",IFERROR(IF($D36="TSE",INDEX(Accounts!$G$2:$G$21,MATCH($A36,Accounts!$B$2:$B$21,0))&"",IF($D36="PS",INDEX(Accounts!$F$2:$F$21,MATCH($A36,Accounts!$B$2:$B$21,0))&"",IF($D36="Named engineer",INDEX(Accounts!$I$2:$I$21,MATCH($A36,Accounts!$B$2:$B$21,0))&"",IF($D36="TSE + PS",IF(INDEX(Accounts!$G$2:$G$21,MATCH($A36,Accounts!$B$2:$B$21,0))&""="","(no TSE)",INDEX(Accounts!$G$2:$G$21,MATCH($A36,Accounts!$B$2:$B$21,0))&"")&" / "&IF(INDEX(Accounts!$F$2:$F$21,MATCH($A36,Accounts!$B$2:$B$21,0))&""="","(no PS)",INDEX(Accounts!$F$2:$F$21,MATCH($A36,Accounts!$B$2:$B$21,0))&""),"")))),""))} -> Fabio Cezar (DC) | F36: Done | H36: OAE - Telecomunicaciones De Guatemala - Tracker | I36: Y | K36: =IF(F36="Done",IF(AND(I36="Y",H36=""),"Evidence missing ","")&IF(G36="","Date missing ",""),"")&IF(E36="","Owner missing ","")&IF(F36="Skipped","Skipped","") -> Date missing
A37: Telecom Guatemala | B37: P4 | C37: Engineering review; pre-facto noise suppression | D37: Named engineer | E37: {=IF($A37="","",IFERROR(IF($D37="TSE",INDEX(Accounts!$G$2:$G$21,MATCH($A37,Accounts!$B$2:$B$21,0))&"",IF($D37="PS",INDEX(Accounts!$F$2:$F$21,MATCH($A37,Accounts!$B$2:$B$21,0))&"",IF($D37="Named engineer",INDEX(Accounts!$I$2:$I$21,MATCH($A37,Accounts!$B$2:$B$21,0))&"",IF($D37="TSE + PS",IF(INDEX(Accounts!$G$2:$G$21,MATCH($A37,Accounts!$B$2:$B$21,0))&""="","(no TSE)",INDEX(Accounts!$G$2:$G$21,MATCH($A37,Accounts!$B$2:$B$21,0))&"")&" / "&IF(INDEX(Accounts!$F$2:$F$21,MATCH($A37,Accounts!$B$2:$B$21,0))&""="","(no PS)",INDEX(Accounts!$F$2:$F$21,MATCH($A37,Accounts!$B$2:$B$21,0))&""),"")))),""))} -> OAE - Telecomunicaciones De Guatemala - Tracker | F37: Not started | I37: Y | K37: =IF(F37="Done",IF(AND(I37="Y",H37=""),"Evidence missing ","")&IF(G37="","Date missing ",""),"")&IF(E37="","Owner missing ","")&IF(F37="Skipped","Skipped","")
A38: Telecom Guatemala | B38: P5 | C38: Branch decisions recorded | D38: TSE | E38: {=IF($A38="","",IFERROR(IF($D38="TSE",INDEX(Accounts!$G$2:$G$21,MATCH($A38,Accounts!$B$2:$B$21,0))&"",IF($D38="PS",INDEX(Accounts!$F$2:$F$21,MATCH($A38,Accounts!$B$2:$B$21,0))&"",IF($D38="Named engineer",INDEX(Accounts!$I$2:$I$21,MATCH($A38,Accounts!$B$2:$B$21,0))&"",IF($D38="TSE + PS",IF(INDEX(Accounts!$G$2:$G$21,MATCH($A38,Accounts!$B$2:$B$21,0))&""="","(no TSE)",INDEX(Accounts!$G$2:$G$21,MATCH($A38,Accounts!$B$2:$B$21,0))&"")&" / "&IF(INDEX(Accounts!$F$2:$F$21,MATCH($A38,Accounts!$B$2:$B$21,0))&""="","(no PS)",INDEX(Accounts!$F$2:$F$21,MATCH($A38,Accounts!$B$2:$B$21,0))&""),"")))),""))} -> Fabio Cezar (DC) | F38: Not started | I38: Y | K38: =IF(F38="Done",IF(AND(I38="Y",H38=""),"Evidence missing ","")&IF(G38="","Date missing ",""),"")&IF(E38="","Owner missing ","")&IF(F38="Skipped","Skipped","")
A39: Telecom Guatemala | B39: P6 | C39: Wizard and branches workshop (TSE, TPE, PS) | D39: TSE | E39: {=IF($A39="","",IFERROR(IF($D39="TSE",INDEX(Accounts!$G$2:$G$21,MATCH($A39,Accounts!$B$2:$B$21,0))&"",IF($D39="PS",INDEX(Accounts!$F$2:$F$21,MATCH($A39,Accounts!$B$2:$B$21,0))&"",IF($D39="Named engineer",INDEX(Accounts!$I$2:$I$21,MATCH($A39,Accounts!$B$2:$B$21,0))&"",IF($D39="TSE + PS",IF(INDEX(Accounts!$G$2:$G$21,MATCH($A39,Accounts!$B$2:$B$21,0))&""="","(no TSE)",INDEX(Accounts!$G$2:$G$21,MATCH($A39,Accounts!$B$2:$B$21,0))&"")&" / "&IF(INDEX(Accounts!$F$2:$F$21,MATCH($A39,Accounts!$B$2:$B$21,0))&""="","(no PS)",INDEX(Accounts!$F$2:$F$21,MATCH($A39,Accounts!$B$2:$B$21,0))&""),"")))),""))} -> Fabio Cezar (DC) | F39: Not started | I39: N | K39: =IF(F39="Done",IF(AND(I39="Y",H39=""),"Evidence missing ","")&IF(G39="","Date missing ",""),"")&IF(E39="","Owner missing ","")&IF(F39="Skipped","Skipped","")
A40: Telecom Guatemala | B40: P7 | C40: Customer briefing: findings vs. issues, no template edits | D40: PS | E40: {=IF($A40="","",IFERROR(IF($D40="TSE",INDEX(Accounts!$G$2:$G$21,MATCH($A40,Accounts!$B$2:$B$21,0))&"",IF($D40="PS",INDEX(Accounts!$F$2:$F$21,MATCH($A40,Accounts!$B$2:$B$21,0))&"",IF($D40="Named engineer",INDEX(Accounts!$I$2:$I$21,MATCH($A40,Accounts!$B$2:$B$21,0))&"",IF($D40="TSE + PS",IF(INDEX(Accounts!$G$2:$G$21,MATCH($A40,Accounts!$B$2:$B$21,0))&""="","(no TSE)",INDEX(Accounts!$G$2:$G$21,MATCH($A40,Accounts!$B$2:$B$21,0))&"")&" / "&IF(INDEX(Accounts!$F$2:$F$21,MATCH($A40,Accounts!$B$2:$B$21,0))&""="","(no PS)",INDEX(Accounts!$F$2:$F$21,MATCH($A40,Accounts!$B$2:$B$21,0))&""),"")))),""))} -> Ariel Nin | F40: Not started | I40: N | K40: =IF(F40="Done",IF(AND(I40="Y",H40=""),"Evidence missing ","")&IF(G40="","Date missing ",""),"")&IF(E40="","Owner missing ","")&IF(F40="Skipped","Skipped","")
A41: Telecom Guatemala | B41: P8 | C41: Go / No Go with committed date | D41: TSE + PS | E41: {=IF($A41="","",IFERROR(IF($D41="TSE",INDEX(Accounts!$G$2:$G$21,MATCH($A41,Accounts!$B$2:$B$21,0))&"",IF($D41="PS",INDEX(Accounts!$F$2:$F$21,MATCH($A41,Accounts!$B$2:$B$21,0))&"",IF($D41="Named engineer",INDEX(Accounts!$I$2:$I$21,MATCH($A41,Accounts!$B$2:$B$21,0))&"",IF($D41="TSE + PS",IF(INDEX(Accounts!$G$2:$G$21,MATCH($A41,Accounts!$B$2:$B$21,0))&""="","(no TSE)",INDEX(Accounts!$G$2:$G$21,MATCH($A41,Accounts!$B$2:$B$21,0))&"")&" / "&IF(INDEX(Accounts!$F$2:$F$21,MATCH($A41,Accounts!$B$2:$B$21,0))&""="","(no PS)",INDEX(Accounts!$F$2:$F$21,MATCH($A41,Accounts!$B$2:$B$21,0))&""),"")))),""))} -> Fabio Cezar (DC) / Ariel Nin | F41: Done | G41: 46289 | H41: OAE - Telecomunicaciones De Guatemala - Tracker | I41: Y | K41: =IF(F41="Done",IF(AND(I41="Y",H41=""),"Evidence missing ","")&IF(G41="","Date missing ",""),"")&IF(E41="","Owner missing ","")&IF(F41="Skipped","Skipped","")
A42: Telecom Guatemala | B42: D1 | C42: First account validated end to end | D42: PS | E42: {=IF($A42="","",IFERROR(IF($D42="TSE",INDEX(Accounts!$G$2:$G$21,MATCH($A42,Accounts!$B$2:$B$21,0))&"",IF($D42="PS",INDEX(Accounts!$F$2:$F$21,MATCH($A42,Accounts!$B$2:$B$21,0))&"",IF($D42="Named engineer",INDEX(Accounts!$I$2:$I$21,MATCH($A42,Accounts!$B$2:$B$21,0))&"",IF($D42="TSE + PS",IF(INDEX(Accounts!$G$2:$G$21,MATCH($A42,Accounts!$B$2:$B$21,0))&""="","(no TSE)",INDEX(Accounts!$G$2:$G$21,MATCH($A42,Accounts!$B$2:$B$21,0))&"")&" / "&IF(INDEX(Accounts!$F$2:$F$21,MATCH($A42,Accounts!$B$2:$B$21,0))&""="","(no PS)",INDEX(Accounts!$F$2:$F$21,MATCH($A42,Accounts!$B$2:$B$21,0))&""),"")))),""))} -> Ariel Nin | F42: Done | G42: 46295 | H42: OAE - Telecomunicaciones De Guatemala - Tracker | I42: Y | K42: =IF(F42="Done",IF(AND(I42="Y",H42=""),"Evidence missing ","")&IF(G42="","Date missing ",""),"")&IF(E42="","Owner missing ","")&IF(F42="Skipped","Skipped","")
A43: Telecom Guatemala | B43: D2 | C43: Named engineer on the call | D43: Named engineer | E43: {=IF($A43="","",IFERROR(IF($D43="TSE",INDEX(Accounts!$G$2:$G$21,MATCH($A43,Accounts!$B$2:$B$21,0))&"",IF($D43="PS",INDEX(Accounts!$F$2:$F$21,MATCH($A43,Accounts!$B$2:$B$21,0))&"",IF($D43="Named engineer",INDEX(Accounts!$I$2:$I$21,MATCH($A43,Accounts!$B$2:$B$21,0))&"",IF($D43="TSE + PS",IF(INDEX(Accounts!$G$2:$G$21,MATCH($A43,Accounts!$B$2:$B$21,0))&""="","(no TSE)",INDEX(Accounts!$G$2:$G$21,MATCH($A43,Accounts!$B$2:$B$21,0))&"")&" / "&IF(INDEX(Accounts!$F$2:$F$21,MATCH($A43,Accounts!$B$2:$B$21,0))&""="","(no PS)",INDEX(Accounts!$F$2:$F$21,MATCH($A43,Accounts!$B$2:$B$21,0))&""),"")))),""))} -> OAE - Telecomunicaciones De Guatemala - Tracker | F43: Not started | I43: N | K43: =IF(F43="Done",IF(AND(I43="Y",H43=""),"Evidence missing ","")&IF(G43="","Date missing ",""),"")&IF(E43="","Owner missing ","")&IF(F43="Skipped","Skipped","")
A44: Telecom Guatemala | B44: D3 | C44: Deviations logged live | D44: PS | E44: {=IF($A44="","",IFERROR(IF($D44="TSE",INDEX(Accounts!$G$2:$G$21,MATCH($A44,Accounts!$B$2:$B$21,0))&"",IF($D44="PS",INDEX(Accounts!$F$2:$F$21,MATCH($A44,Accounts!$B$2:$B$21,0))&"",IF($D44="Named engineer",INDEX(Accounts!$I$2:$I$21,MATCH($A44,Accounts!$B$2:$B$21,0))&"",IF($D44="TSE + PS",IF(INDEX(Accounts!$G$2:$G$21,MATCH($A44,Accounts!$B$2:$B$21,0))&""="","(no TSE)",INDEX(Accounts!$G$2:$G$21,MATCH($A44,Accounts!$B$2:$B$21,0))&"")&" / "&IF(INDEX(Accounts!$F$2:$F$21,MATCH($A44,Accounts!$B$2:$B$21,0))&""="","(no PS)",INDEX(Accounts!$F$2:$F$21,MATCH($A44,Accounts!$B$2:$B$21,0))&""),"")))),""))} -> Ariel Nin | F44: Done | G44: 46289 | H44: OAE - Telecomunicaciones De Guatemala - Tracker | I44: N | K44: =IF(F44="Done",IF(AND(I44="Y",H44=""),"Evidence missing ","")&IF(G44="","Date missing ",""),"")&IF(E44="","Owner missing ","")&IF(F44="Skipped","Skipped","")
A45: Telecom Guatemala | B45: D4 | C45: Org onboarded; Terraform applied | D45: PS | E45: {=IF($A45="","",IFERROR(IF($D45="TSE",INDEX(Accounts!$G$2:$G$21,MATCH($A45,Accounts!$B$2:$B$21,0))&"",IF($D45="PS",INDEX(Accounts!$F$2:$F$21,MATCH($A45,Accounts!$B$2:$B$21,0))&"",IF($D45="Named engineer",INDEX(Accounts!$I$2:$I$21,MATCH($A45,Accounts!$B$2:$B$21,0))&"",IF($D45="TSE + PS",IF(INDEX(Accounts!$G$2:$G$21,MATCH($A45,Accounts!$B$2:$B$21,0))&""="","(no TSE)",INDEX(Accounts!$G$2:$G$21,MATCH($A45,Accounts!$B$2:$B$21,0))&"")&" / "&IF(INDEX(Accounts!$F$2:$F$21,MATCH($A45,Accounts!$B$2:$B$21,0))&""="","(no PS)",INDEX(Accounts!$F$2:$F$21,MATCH($A45,Accounts!$B$2:$B$21,0))&""),"")))),""))} -> Ariel Nin | F45: Done | G45: 46295 | H45: OAE - Telecomunicaciones De Guatemala - Tracker | I45: N | J45: Azure Dev completed | K45: =IF(F45="Done",IF(AND(I45="Y",H45=""),"Evidence missing ","")&IF(G45="","Date missing ",""),"")&IF(E45="","Owner missing ","")&IF(F45="Skipped","Skipped","")
A46: Telecom Guatemala | B46: V1 | C46: Validation: all scanners returning data | D46: TSE + PS | E46: {=IF($A46="","",IFERROR(IF($D46="TSE",INDEX(Accounts!$G$2:$G$21,MATCH($A46,Accounts!$B$2:$B$21,0))&"",IF($D46="PS",INDEX(Accounts!$F$2:$F$21,MATCH($A46,Accounts!$B$2:$B$21,0))&"",IF($D46="Named engineer",INDEX(Accounts!$I$2:$I$21,MATCH($A46,Accounts!$B$2:$B$21,0))&"",IF($D46="TSE + PS",IF(INDEX(Accounts!$G$2:$G$21,MATCH($A46,Accounts!$B$2:$B$21,0))&""="","(no TSE)",INDEX(Accounts!$G$2:$G$21,MATCH($A46,Accounts!$B$2:$B$21,0))&"")&" / "&IF(INDEX(Accounts!$F$2:$F$21,MATCH($A46,Accounts!$B$2:$B$21,0))&""="","(no PS)",INDEX(Accounts!$F$2:$F$21,MATCH($A46,Accounts!$B$2:$B$21,0))&""),"")))),""))} -> Fabio Cezar (DC) / Ariel Nin | F46: Done | G46: 46300 | H46: OAE - Telecomunicaciones De Guatemala - Tracker | I46: Y | K46: =IF(F46="Done",IF(AND(I46="Y",H46=""),"Evidence missing ","")&IF(G46="","Date missing ",""),"")&IF(E46="","Owner missing ","")&IF(F46="Skipped","Skipped","")
A47: Telecom Guatemala | B47: V2 | C47: Enablement session | D47: TSE | E47: {=IF($A47="","",IFERROR(IF($D47="TSE",INDEX(Accounts!$G$2:$G$21,MATCH($A47,Accounts!$B$2:$B$21,0))&"",IF($D47="PS",INDEX(Accounts!$F$2:$F$21,MATCH($A47,Accounts!$B$2:$B$21,0))&"",IF($D47="Named engineer",INDEX(Accounts!$I$2:$I$21,MATCH($A47,Accounts!$B$2:$B$21,0))&"",IF($D47="TSE + PS",IF(INDEX(Accounts!$G$2:$G$21,MATCH($A47,Accounts!$B$2:$B$21,0))&""="","(no TSE)",INDEX(Accounts!$G$2:$G$21,MATCH($A47,Accounts!$B$2:$B$21,0))&"")&" / "&IF(INDEX(Accounts!$F$2:$F$21,MATCH($A47,Accounts!$B$2:$B$21,0))&""="","(no PS)",INDEX(Accounts!$F$2:$F$21,MATCH($A47,Accounts!$B$2:$B$21,0))&""),"")))),""))} -> Fabio Cezar (DC) | F47: Done | G47: 46300 | I47: N | K47: =IF(F47="Done",IF(AND(I47="Y",H47=""),"Evidence missing ","")&IF(G47="","Date missing ",""),"")&IF(E47="","Owner missing ","")&IF(F47="Skipped","Skipped","")
A48: Telecom Guatemala | B48: V3 | C48: Retro within 48 hours | D48: TSE | E48: {=IF($A48="","",IFERROR(IF($D48="TSE",INDEX(Accounts!$G$2:$G$21,MATCH($A48,Accounts!$B$2:$B$21,0))&"",IF($D48="PS",INDEX(Accounts!$F$2:$F$21,MATCH($A48,Accounts!$B$2:$B$21,0))&"",IF($D48="Named engineer",INDEX(Accounts!$I$2:$I$21,MATCH($A48,Accounts!$B$2:$B$21,0))&"",IF($D48="TSE + PS",IF(INDEX(Accounts!$G$2:$G$21,MATCH($A48,Accounts!$B$2:$B$21,0))&""="","(no TSE)",INDEX(Accounts!$G$2:$G$21,MATCH($A48,Accounts!$B$2:$B$21,0))&"")&" / "&IF(INDEX(Accounts!$F$2:$F$21,MATCH($A48,Accounts!$B$2:$B$21,0))&""="","(no PS)",INDEX(Accounts!$F$2:$F$21,MATCH($A48,Accounts!$B$2:$B$21,0))&""),"")))),""))} -> Fabio Cezar (DC) | F48: Done | G48: 46302 | H48: OAE - Telecomunicaciones De Guatemala - Tracker | I48: Y | K48: =IF(F48="Done",IF(AND(I48="Y",H48=""),"Evidence missing ","")&IF(G48="","Date missing ",""),"")&IF(E48="","Owner missing ","")&IF(F48="Skipped","Skipped","")
A49: Telecom Guatemala | B49: V4 | C49: CS handover | D49: TSE | E49: {=IF($A49="","",IFERROR(IF($D49="TSE",INDEX(Accounts!$G$2:$G$21,MATCH($A49,Accounts!$B$2:$B$21,0))&"",IF($D49="PS",INDEX(Accounts!$F$2:$F$21,MATCH($A49,Accounts!$B$2:$B$21,0))&"",IF($D49="Named engineer",INDEX(Accounts!$I$2:$I$21,MATCH($A49,Accounts!$B$2:$B$21,0))&"",IF($D49="TSE + PS",IF(INDEX(Accounts!$G$2:$G$21,MATCH($A49,Accounts!$B$2:$B$21,0))&""="","(no TSE)",INDEX(Accounts!$G$2:$G$21,MATCH($A49,Accounts!$B$2:$B$21,0))&"")&" / "&IF(INDEX(Accounts!$F$2:$F$21,MATCH($A49,Accounts!$B$2:$B$21,0))&""="","(no PS)",INDEX(Accounts!$F$2:$F$21,MATCH($A49,Accounts!$B$2:$B$21,0))&""),"")))),""))} -> Fabio Cezar (DC) | F49: Not started | I49: Y | K49: =IF(F49="Done",IF(AND(I49="Y",H49=""),"Evidence missing ","")&IF(G49="","Date missing ",""),"")&IF(E49="","Owner missing ","")&IF(F49="Skipped","Skipped","")
A50: FIS Global | B50: P1 | C50: Onboarding Record created and linked | D50: TSE | E50: {=IF($A50="","",IFERROR(IF($D50="TSE",INDEX(Accounts!$G$2:$G$21,MATCH($A50,Accounts!$B$2:$B$21,0))&"",IF($D50="PS",INDEX(Accounts!$F$2:$F$21,MATCH($A50,Accounts!$B$2:$B$21,0))&"",IF($D50="Named engineer",INDEX(Accounts!$I$2:$I$21,MATCH($A50,Accounts!$B$2:$B$21,0))&"",IF($D50="TSE + PS",IF(INDEX(Accounts!$G$2:$G$21,MATCH($A50,Accounts!$B$2:$B$21,0))&""="","(no TSE)",INDEX(Accounts!$G$2:$G$21,MATCH($A50,Accounts!$B$2:$B$21,0))&"")&" / "&IF(INDEX(Accounts!$F$2:$F$21,MATCH($A50,Accounts!$B$2:$B$21,0))&""="","(no PS)",INDEX(Accounts!$F$2:$F$21,MATCH($A50,Accounts!$B$2:$B$21,0))&""),"")))),""))} -> Harold Moore (DC) | F50: Not started | I50: Y | K50: =IF(F50="Done",IF(AND(I50="Y",H50=""),"Evidence missing ","")&IF(G50="","Date missing ",""),"")&IF(E50="","Owner missing ","")&IF(F50="Skipped","Skipped","")
A51: FIS Global | B51: P2 | C51: Technical assessment | D51: TSE | E51: {=IF($A51="","",IFERROR(IF($D51="TSE",INDEX(Accounts!$G$2:$G$21,MATCH($A51,Accounts!$B$2:$B$21,0))&"",IF($D51="PS",INDEX(Accounts!$F$2:$F$21,MATCH($A51,Accounts!$B$2:$B$21,0))&"",IF($D51="Named engineer",INDEX(Accounts!$I$2:$I$21,MATCH($A51,Accounts!$B$2:$B$21,0))&"",IF($D51="TSE + PS",IF(INDEX(Accounts!$G$2:$G$21,MATCH($A51,Accounts!$B$2:$B$21,0))&""="","(no TSE)",INDEX(Accounts!$G$2:$G$21,MATCH($A51,Accounts!$B$2:$B$21,0))&"")&" / "&IF(INDEX(Accounts!$F$2:$F$21,MATCH($A51,Accounts!$B$2:$B$21,0))&""="","(no PS)",INDEX(Accounts!$F$2:$F$21,MATCH($A51,Accounts!$B$2:$B$21,0))&""),"")))),""))} -> Harold Moore (DC) | F51: Not started | I51: Y | K51: =IF(F51="Done",IF(AND(I51="Y",H51=""),"Evidence missing ","")&IF(G51="","Date missing ",""),"")&IF(E51="","Owner missing ","")&IF(F51="Skipped","Skipped","")
A52: FIS Global | B52: P3 | C52: Permission pre-flight on named admins | D52: TSE | E52: {=IF($A52="","",IFERROR(IF($D52="TSE",INDEX(Accounts!$G$2:$G$21,MATCH($A52,Accounts!$B$2:$B$21,0))&"",IF($D52="PS",INDEX(Accounts!$F$2:$F$21,MATCH($A52,Accounts!$B$2:$B$21,0))&"",IF($D52="Named engineer",INDEX(Accounts!$I$2:$I$21,MATCH($A52,Accounts!$B$2:$B$21,0))&"",IF($D52="TSE + PS",IF(INDEX(Accounts!$G$2:$G$21,MATCH($A52,Accounts!$B$2:$B$21,0))&""="","(no TSE)",INDEX(Accounts!$G$2:$G$21,MATCH($A52,Accounts!$B$2:$B$21,0))&"")&" / "&IF(INDEX(Accounts!$F$2:$F$21,MATCH($A52,Accounts!$B$2:$B$21,0))&""="","(no PS)",INDEX(Accounts!$F$2:$F$21,MATCH($A52,Accounts!$B$2:$B$21,0))&""),"")))),""))} -> Harold Moore (DC) | F52: Not started | I52: Y | K52: =IF(F52="Done",IF(AND(I52="Y",H52=""),"Evidence missing ","")&IF(G52="","Date missing ",""),"")&IF(E52="","Owner missing ","")&IF(F52="Skipped","Skipped","")
A53: FIS Global | B53: P4 | C53: Engineering review; pre-facto noise suppression | D53: Named engineer | E53: {=IF($A53="","",IFERROR(IF($D53="TSE",INDEX(Accounts!$G$2:$G$21,MATCH($A53,Accounts!$B$2:$B$21,0))&"",IF($D53="PS",INDEX(Accounts!$F$2:$F$21,MATCH($A53,Accounts!$B$2:$B$21,0))&"",IF($D53="Named engineer",INDEX(Accounts!$I$2:$I$21,MATCH($A53,Accounts!$B$2:$B$21,0))&"",IF($D53="TSE + PS",IF(INDEX(Accounts!$G$2:$G$21,MATCH($A53,Accounts!$B$2:$B$21,0))&""="","(no TSE)",INDEX(Accounts!$G$2:$G$21,MATCH($A53,Accounts!$B$2:$B$21,0))&"")&" / "&IF(INDEX(Accounts!$F$2:$F$21,MATCH($A53,Accounts!$B$2:$B$21,0))&""="","(no PS)",INDEX(Accounts!$F$2:$F$21,MATCH($A53,Accounts!$B$2:$B$21,0))&""),"")))),""))} -> OAE - FIS Global - Tracker | F53: Not started | I53: Y | K53: =IF(F53="Done",IF(AND(I53="Y",H53=""),"Evidence missing ","")&IF(G53="","Date missing ",""),"")&IF(E53="","Owner missing ","")&IF(F53="Skipped","Skipped","")
A54: FIS Global | B54: P5 | C54: Branch decisions recorded | D54: TSE | E54: {=IF($A54="","",IFERROR(IF($D54="TSE",INDEX(Accounts!$G$2:$G$21,MATCH($A54,Accounts!$B$2:$B$21,0))&"",IF($D54="PS",INDEX(Accounts!$F$2:$F$21,MATCH($A54,Accounts!$B$2:$B$21,0))&"",IF($D54="Named engineer",INDEX(Accounts!$I$2:$I$21,MATCH($A54,Accounts!$B$2:$B$21,0))&"",IF($D54="TSE + PS",IF(INDEX(Accounts!$G$2:$G$21,MATCH($A54,Accounts!$B$2:$B$21,0))&""="","(no TSE)",INDEX(Accounts!$G$2:$G$21,MATCH($A54,Accounts!$B$2:$B$21,0))&"")&" / "&IF(INDEX(Accounts!$F$2:$F$21,MATCH($A54,Accounts!$B$2:$B$21,0))&""="","(no PS)",INDEX(Accounts!$F$2:$F$21,MATCH($A54,Accounts!$B$2:$B$21,0))&""),"")))),""))} -> Harold Moore (DC) | F54: Not started | I54: Y | K54: =IF(F54="Done",IF(AND(I54="Y",H54=""),"Evidence missing ","")&IF(G54="","Date missing ",""),"")&IF(E54="","Owner missing ","")&IF(F54="Skipped","Skipped","")
A55: FIS Global | B55: P6 | C55: Wizard and branches workshop (TSE, TPE, PS) | D55: TSE | E55: {=IF($A55="","",IFERROR(IF($D55="TSE",INDEX(Accounts!$G$2:$G$21,MATCH($A55,Accounts!$B$2:$B$21,0))&"",IF($D55="PS",INDEX(Accounts!$F$2:$F$21,MATCH($A55,Accounts!$B$2:$B$21,0))&"",IF($D55="Named engineer",INDEX(Accounts!$I$2:$I$21,MATCH($A55,Accounts!$B$2:$B$21,0))&"",IF($D55="TSE + PS",IF(INDEX(Accounts!$G$2:$G$21,MATCH($A55,Accounts!$B$2:$B$21,0))&""="","(no TSE)",INDEX(Accounts!$G$2:$G$21,MATCH($A55,Accounts!$B$2:$B$21,0))&"")&" / "&IF(INDEX(Accounts!$F$2:$F$21,MATCH($A55,Accounts!$B$2:$B$21,0))&""="","(no PS)",INDEX(Accounts!$F$2:$F$21,MATCH($A55,Accounts!$B$2:$B$21,0))&""),"")))),""))} -> Harold Moore (DC) | F55: Not started | I55: N | K55: =IF(F55="Done",IF(AND(I55="Y",H55=""),"Evidence missing ","")&IF(G55="","Date missing ",""),"")&IF(E55="","Owner missing ","")&IF(F55="Skipped","Skipped","")
A56: FIS Global | B56: P7 | C56: Customer briefing: findings vs. issues, no template edits | D56: PS | E56: {=IF($A56="","",IFERROR(IF($D56="TSE",INDEX(Accounts!$G$2:$G$21,MATCH($A56,Accounts!$B$2:$B$21,0))&"",IF($D56="PS",INDEX(Accounts!$F$2:$F$21,MATCH($A56,Accounts!$B$2:$B$21,0))&"",IF($D56="Named engineer",INDEX(Accounts!$I$2:$I$21,MATCH($A56,Accounts!$B$2:$B$21,0))&"",IF($D56="TSE + PS",IF(INDEX(Accounts!$G$2:$G$21,MATCH($A56,Accounts!$B$2:$B$21,0))&""="","(no TSE)",INDEX(Accounts!$G$2:$G$21,MATCH($A56,Accounts!$B$2:$B$21,0))&"")&" / "&IF(INDEX(Accounts!$F$2:$F$21,MATCH($A56,Accounts!$B$2:$B$21,0))&""="","(no PS)",INDEX(Accounts!$F$2:$F$21,MATCH($A56,Accounts!$B$2:$B$21,0))&""),"")))),""))} -> Stephen Lovett | F56: Not started | I56: N | K56: =IF(F56="Done",IF(AND(I56="Y",H56=""),"Evidence missing ","")&IF(G56="","Date missing ",""),"")&IF(E56="","Owner missing ","")&IF(F56="Skipped","Skipped","")
A57: FIS Global | B57: P8 | C57: Go / No Go with committed date | D57: TSE + PS | E57: {=IF($A57="","",IFERROR(IF($D57="TSE",INDEX(Accounts!$G$2:$G$21,MATCH($A57,Accounts!$B$2:$B$21,0))&"",IF($D57="PS",INDEX(Accounts!$F$2:$F$21,MATCH($A57,Accounts!$B$2:$B$21,0))&"",IF($D57="Named engineer",INDEX(Accounts!$I$2:$I$21,MATCH($A57,Accounts!$B$2:$B$21,0))&"",IF($D57="TSE + PS",IF(INDEX(Accounts!$G$2:$G$21,MATCH($A57,Accounts!$B$2:$B$21,0))&""="","(no TSE)",INDEX(Accounts!$G$2:$G$21,MATCH($A57,Accounts!$B$2:$B$21,0))&"")&" / "&IF(INDEX(Accounts!$F$2:$F$21,MATCH($A57,Accounts!$B$2:$B$21,0))&""="","(no PS)",INDEX(Accounts!$F$2:$F$21,MATCH($A57,Accounts!$B$2:$B$21,0))&""),"")))),""))} -> Harold Moore (DC) / Stephen Lovett | F57: Not started | I57: Y | K57: =IF(F57="Done",IF(AND(I57="Y",H57=""),"Evidence missing ","")&IF(G57="","Date missing ",""),"")&IF(E57="","Owner missing ","")&IF(F57="Skipped","Skipped","")
A58: FIS Global | B58: D1 | C58: First account validated end to end | D58: PS | E58: {=IF($A58="","",IFERROR(IF($D58="TSE",INDEX(Accounts!$G$2:$G$21,MATCH($A58,Accounts!$B$2:$B$21,0))&"",IF($D58="PS",INDEX(Accounts!$F$2:$F$21,MATCH($A58,Accounts!$B$2:$B$21,0))&"",IF($D58="Named engineer",INDEX(Accounts!$I$2:$I$21,MATCH($A58,Accounts!$B$2:$B$21,0))&"",IF($D58="TSE + PS",IF(INDEX(Accounts!$G$2:$G$21,MATCH($A58,Accounts!$B$2:$B$21,0))&""="","(no TSE)",INDEX(Accounts!$G$2:$G$21,MATCH($A58,Accounts!$B$2:$B$21,0))&"")&" / "&IF(INDEX(Accounts!$F$2:$F$21,MATCH($A58,Accounts!$B$2:$B$21,0))&""="","(no PS)",INDEX(Accounts!$F$2:$F$21,MATCH($A58,Accounts!$B$2:$B$21,0))&""),"")))),""))} -> Stephen Lovett | F58: Not started | I58: Y | K58: =IF(F58="Done",IF(AND(I58="Y",H58=""),"Evidence missing ","")&IF(G58="","Date missing ",""),"")&IF(E58="","Owner missing ","")&IF(F58="Skipped","Skipped","")
A59: FIS Global | B59: D2 | C59: Named engineer on the call | D59: Named engineer | E59: {=IF($A59="","",IFERROR(IF($D59="TSE",INDEX(Accounts!$G$2:$G$21,MATCH($A59,Accounts!$B$2:$B$21,0))&"",IF($D59="PS",INDEX(Accounts!$F$2:$F$21,MATCH($A59,Accounts!$B$2:$B$21,0))&"",IF($D59="Named engineer",INDEX(Accounts!$I$2:$I$21,MATCH($A59,Accounts!$B$2:$B$21,0))&"",IF($D59="TSE + PS",IF(INDEX(Accounts!$G$2:$G$21,MATCH($A59,Accounts!$B$2:$B$21,0))&""="","(no TSE)",INDEX(Accounts!$G$2:$G$21,MATCH($A59,Accounts!$B$2:$B$21,0))&"")&" / "&IF(INDEX(Accounts!$F$2:$F$21,MATCH($A59,Accounts!$B$2:$B$21,0))&""="","(no PS)",INDEX(Accounts!$F$2:$F$21,MATCH($A59,Accounts!$B$2:$B$21,0))&""),"")))),""))} -> OAE - FIS Global - Tracker | F59: Not started | I59: N | K59: =IF(F59="Done",IF(AND(I59="Y",H59=""),"Evidence missing ","")&IF(G59="","Date missing ",""),"")&IF(E59="","Owner missing ","")&IF(F59="Skipped","Skipped","")
A60: FIS Global | B60: D3 | C60: Deviations logged live | D60: PS | E60: {=IF($A60="","",IFERROR(IF($D60="TSE",INDEX(Accounts!$G$2:$G$21,MATCH($A60,Accounts!$B$2:$B$21,0))&"",IF($D60="PS",INDEX(Accounts!$F$2:$F$21,MATCH($A60,Accounts!$B$2:$B$21,0))&"",IF($D60="Named engineer",INDEX(Accounts!$I$2:$I$21,MATCH($A60,Accounts!$B$2:$B$21,0))&"",IF($D60="TSE + PS",IF(INDEX(Accounts!$G$2:$G$21,MATCH($A60,Accounts!$B$2:$B$21,0))&""="","(no TSE)",INDEX(Accounts!$G$2:$G$21,MATCH($A60,Accounts!$B$2:$B$21,0))&"")&" / "&IF(INDEX(Accounts!$F$2:$F$21,MATCH($A60,Accounts!$B$2:$B$21,0))&""="","(no PS)",INDEX(Accounts!$F$2:$F$21,MATCH($A60,Accounts!$B$2:$B$21,0))&""),"")))),""))} -> Stephen Lovett | F60: Not started | I60: N | K60: =IF(F60="Done",IF(AND(I60="Y",H60=""),"Evidence missing ","")&IF(G60="","Date missing ",""),"")&IF(E60="","Owner missing ","")&IF(F60="Skipped","Skipped","")
... A114: Honeywell | B114: P1 | C114: Onboarding Record created and linked | D114: TSE | E114: {=IF($A114="","",IFERROR(IF($D114="TSE",INDEX(Accounts!$G$2:$G$21,MATCH($A114,Accounts!$B$2:$B$21,0))&"",IF($D114="PS",INDEX(Accounts!$F$2:$F$21,MATCH($A114,Accounts!$B$2:$B$21,0))&"",IF($D114="Named engineer",INDEX(Accounts!$I$2:$I$21,MATCH($A114,Accounts!$B$2:$B$21,0))&"",IF($D114="TSE + PS",IF(INDEX(Accounts!$G$2:$G$21,MATCH($A114,Accounts!$B$2:$B$21,0))&""="","(no TSE)",INDEX(Accounts!$G$2:$G$21,MATCH($A114,Accounts!$B$2:$B$21,0))&"")&" / "&IF(INDEX(Accounts!$F$2:$F$21,MATCH($A114,Accounts!$B$2:$B$21,0))&""="","(no PS)",INDEX(Accounts!$F$2:$F$21,MATCH($A114,Accounts!$B$2:$B$21,0))&""),"")))),""))} | F114: In progress | I114: Y | K114: =IF(F114="Done",IF(AND(I114="Y",H114=""),"Evidence missing ","")&IF(G114="","Date missing ",""),"")&IF(E114="","Owner missing ","")&IF(F114="Skipped","Skipped","") -> Owner missing
A115: Honeywell | B115: P2 | C115: Technical assessment | D115: TSE | E115: {=IF($A115="","",IFERROR(IF($D115="TSE",INDEX(Accounts!$G$2:$G$21,MATCH($A115,Accounts!$B$2:$B$21,0))&"",IF($D115="PS",INDEX(Accounts!$F$2:$F$21,MATCH($A115,Accounts!$B$2:$B$21,0))&"",IF($D115="Named engineer",INDEX(Accounts!$I$2:$I$21,MATCH($A115,Accounts!$B$2:$B$21,0))&"",IF($D115="TSE + PS",IF(INDEX(Accounts!$G$2:$G$21,MATCH($A115,Accounts!$B$2:$B$21,0))&""="","(no TSE)",INDEX(Accounts!$G$2:$G$21,MATCH($A115,Accounts!$B$2:$B$21,0))&"")&" / "&IF(INDEX(Accounts!$F$2:$F$21,MATCH($A115,Accounts!$B$2:$B$21,0))&""="","(no PS)",INDEX(Accounts!$F$2:$F$21,MATCH($A115,Accounts!$B$2:$B$21,0))&""),"")))),""))} | F115: Done | G115: 46252 | H115: https://docs.google.com/document/d/1erYNnpmSYybPaQ9FyD8uTRDJP-QtDkCkYi9FP-1wz6Y/edit?tab=t.4w05kogx4q1t | I115: Y | K115: =IF(F115="Done",IF(AND(I115="Y",H115=""),"Evidence missing ","")&IF(G115="","Date missing ",""),"")&IF(E115="","Owner missing ","")&IF(F115="Skipped","Skipped","") -> Owner missing
A116: Honeywell | B116: P3 | C116: Permission pre-flight on named admins | D116: TSE | E116: {=IF($A116="","",IFERROR(IF($D116="TSE",INDEX(Accounts!$G$2:$G$21,MATCH($A116,Accounts!$B$2:$B$21,0))&"",IF($D116="PS",INDEX(Accounts!$F$2:$F$21,MATCH($A116,Accounts!$B$2:$B$21,0))&"",IF($D116="Named engineer",INDEX(Accounts!$I$2:$I$21,MATCH($A116,Accounts!$B$2:$B$21,0))&"",IF($D116="TSE + PS",IF(INDEX(Accounts!$G$2:$G$21,MATCH($A116,Accounts!$B$2:$B$21,0))&""="","(no TSE)",INDEX(Accounts!$G$2:$G$21,MATCH($A116,Accounts!$B$2:$B$21,0))&"")&" / "&IF(INDEX(Accounts!$F$2:$F$21,MATCH($A116,Accounts!$B$2:$B$21,0))&""="","(no PS)",INDEX(Accounts!$F$2:$F$21,MATCH($A116,Accounts!$B$2:$B$21,0))&""),"")))),""))} | F116: In progress | I116: Y | K116: =IF(F116="Done",IF(AND(I116="Y",H116=""),"Evidence missing ","")&IF(G116="","Date missing ",""),"")&IF(E116="","Owner missing ","")&IF(F116="Skipped","Skipped","") -> Owner missing
A117: Honeywell | B117: P4 | C117: Engineering review; pre-facto noise suppression | D117: Named engineer | E117: {=IF($A117="","",IFERROR(IF($D117="TSE",INDEX(Accounts!$G$2:$G$21,MATCH($A117,Accounts!$B$2:$B$21,0))&"",IF($D117="PS",INDEX(Accounts!$F$2:$F$21,MATCH($A117,Accounts!$B$2:$B$21,0))&"",IF($D117="Named engineer",INDEX(Accounts!$I$2:$I$21,MATCH($A117,Accounts!$B$2:$B$21,0))&"",IF($D117="TSE + PS",IF(INDEX(Accounts!$G$2:$G$21,MATCH($A117,Accounts!$B$2:$B$21,0))&""="","(no TSE)",INDEX(Accounts!$G$2:$G$21,MATCH($A117,Accounts!$B$2:$B$21,0))&"")&" / "&IF(INDEX(Accounts!$F$2:$F$21,MATCH($A117,Accounts!$B$2:$B$21,0))&""="","(no PS)",INDEX(Accounts!$F$2:$F$21,MATCH($A117,Accounts!$B$2:$B$21,0))&""),"")))),""))} | F117: Not started | I117: Y | K117: =IF(F117="Done",IF(AND(I117="Y",H117=""),"Evidence missing ","")&IF(G117="","Date missing ",""),"")&IF(E117="","Owner missing ","")&IF(F117="Skipped","Skipped","") -> Owner missing
A118: Honeywell | B118: P5 | C118: Branch decisions recorded | D118: TSE | E118: {=IF($A118="","",IFERROR(IF($D118="TSE",INDEX(Accounts!$G$2:$G$21,MATCH($A118,Accounts!$B$2:$B$21,0))&"",IF($D118="PS",INDEX(Accounts!$F$2:$F$21,MATCH($A118,Accounts!$B$2:$B$21,0))&"",IF($D118="Named engineer",INDEX(Accounts!$I$2:$I$21,MATCH($A118,Accounts!$B$2:$B$21,0))&"",IF($D118="TSE + PS",IF(INDEX(Accounts!$G$2:$G$21,MATCH($A118,Accounts!$B$2:$B$21,0))&""="","(no TSE)",INDEX(Accounts!$G$2:$G$21,MATCH($A118,Accounts!$B$2:$B$21,0))&"")&" / "&IF(INDEX(Accounts!$F$2:$F$21,MATCH($A118,Accounts!$B$2:$B$21,0))&""="","(no PS)",INDEX(Accounts!$F$2:$F$21,MATCH($A118,Accounts!$B$2:$B$21,0))&""),"")))),""))} | F118: Not started | I118: Y | K118: =IF(F118="Done",IF(AND(I118="Y",H118=""),"Evidence missing ","")&IF(G118="","Date missing ",""),"")&IF(E118="","Owner missing ","")&IF(F118="Skipped","Skipped","") -> Owner missing
A119: Honeywell | B119: P6 | C119: Wizard and branches workshop (TSE, TPE, PS) | D119: TSE | E119: {=IF($A119="","",IFERROR(IF($D119="TSE",INDEX(Accounts!$G$2:$G$21,MATCH($A119,Accounts!$B$2:$B$21,0))&"",IF($D119="PS",INDEX(Accounts!$F$2:$F$21,MATCH($A119,Accounts!$B$2:$B$21,0))&"",IF($D119="Named engineer",INDEX(Accounts!$I$2:$I$21,MATCH($A119,Accounts!$B$2:$B$21,0))&"",IF($D119="TSE + PS",IF(INDEX(Accounts!$G$2:$G$21,MATCH($A119,Accounts!$B$2:$B$21,0))&""="","(no TSE)",INDEX(Accounts!$G$2:$G$21,MATCH($A119,Accounts!$B$2:$B$21,0))&"")&" / "&IF(INDEX(Accounts!$F$2:$F$21,MATCH($A119,Accounts!$B$2:$B$21,0))&""="","(no PS)",INDEX(Accounts!$F$2:$F$21,MATCH($A119,Accounts!$B$2:$B$21,0))&""),"")))),""))} | F119: Not started | I119: N | K119: =IF(F119="Done",IF(AND(I119="Y",H119=""),"Evidence missing ","")&IF(G119="","Date missing ",""),"")&IF(E119="","Owner missing ","")&IF(F119="Skipped","Skipped","") -> Owner missing
A120: Honeywell | B120: P7 | C120: Customer briefing: findings vs. issues, no template edits | D120: PS | E120: {=IF($A120="","",IFERROR(IF($D120="TSE",INDEX(Accounts!$G$2:$G$21,MATCH($A120,Accounts!$B$2:$B$21,0))&"",IF($D120="PS",INDEX(Accounts!$F$2:$F$21,MATCH($A120,Accounts!$B$2:$B$21,0))&"",IF($D120="Named engineer",INDEX(Accounts!$I$2:$I$21,MATCH($A120,Accounts!$B$2:$B$21,0))&"",IF($D120="TSE + PS",IF(INDEX(Accounts!$G$2:$G$21,MATCH($A120,Accounts!$B$2:$B$21,0))&""="","(no TSE)",INDEX(Accounts!$G$2:$G$21,MATCH($A120,Accounts!$B$2:$B$21,0))&"")&" / "&IF(INDEX(Accounts!$F$2:$F$21,MATCH($A120,Accounts!$B$2:$B$21,0))&""="","(no PS)",INDEX(Accounts!$F$2:$F$21,MATCH($A120,Accounts!$B$2:$B$21,0))&""),"")))),""))} | F120: In progress | I120: N | K120: =IF(F120="Done",IF(AND(I120="Y",H120=""),"Evidence missing ","")&IF(G120="","Date missing ",""),"")&IF(E120="","Owner missing ","")&IF(F120="Skipped","Skipped","") -> Owner missing
A121: Honeywell | B121: P8 | C121: Go / No Go with committed date | D121: TSE + PS | E121: {=IF($A121="","",IFERROR(IF($D121="TSE",INDEX(Accounts!$G$2:$G$21,MATCH($A121,Accounts!$B$2:$B$21,0))&"",IF($D121="PS",INDEX(Accounts!$F$2:$F$21,MATCH($A121,Accounts!$B$2:$B$21,0))&"",IF($D121="Named engineer",INDEX(Accounts!$I$2:$I$21,MATCH($A121,Accounts!$B$2:$B$21,0))&"",IF($D121="TSE + PS",IF(INDEX(Accounts!$G$2:$G$21,MATCH($A121,Accounts!$B$2:$B$21,0))&""="","(no TSE)",INDEX(Accounts!$G$2:$G$21,MATCH($A121,Accounts!$B$2:$B$21,0))&"")&" / "&IF(INDEX(Accounts!$F$2:$F$21,MATCH($A121,Accounts!$B$2:$B$21,0))&""="","(no PS)",INDEX(Accounts!$F$2:$F$21,MATCH($A121,Accounts!$B$2:$B$21,0))&""),"")))),""))} | F121: Not started | I121: Y | K121: =IF(F121="Done",IF(AND(I121="Y",H121=""),"Evidence missing ","")&IF(G121="","Date missing ",""),"")&IF(E121="","Owner missing ","")&IF(F121="Skipped","Skipped","") -> Owner missing
A122: Honeywell | B122: D1 | C122: First account validated end to end | D122: PS | E122: {=IF($A122="","",IFERROR(IF($D122="TSE",INDEX(Accounts!$G$2:$G$21,MATCH($A122,Accounts!$B$2:$B$21,0))&"",IF($D122="PS",INDEX(Accounts!$F$2:$F$21,MATCH($A122,Accounts!$B$2:$B$21,0))&"",IF($D122="Named engineer",INDEX(Accounts!$I$2:$I$21,MATCH($A122,Accounts!$B$2:$B$21,0))&"",IF($D122="TSE + PS",IF(INDEX(Accounts!$G$2:$G$21,MATCH($A122,Accounts!$B$2:$B$21,0))&""="","(no TSE)",INDEX(Accounts!$G$2:$G$21,MATCH($A122,Accounts!$B$2:$B$21,0))&"")&" / "&IF(INDEX(Accounts!$F$2:$F$21,MATCH($A122,Accounts!$B$2:$B$21,0))&""="","(no PS)",INDEX(Accounts!$F$2:$F$21,MATCH($A122,Accounts!$B$2:$B$21,0))&""),"")))),""))} | F122: Done | G122: 46289 | H122: AWS Org Onboarding Review | I122: Y | J122: Discovery Engine Errors, but High Coverage | K122: =IF(F122="Done",IF(AND(I122="Y",H122=""),"Evidence missing ","")&IF(G122="","Date missing ",""),"")&IF(E122="","Owner missing ","")&IF(F122="Skipped","Skipped","") -> Owner missing
A123: Honeywell | B123: D2 | C123: Named engineer on the call | D123: Named engineer | E123: {=IF($A123="","",IFERROR(IF($D123="TSE",INDEX(Accounts!$G$2:$G$21,MATCH($A123,Accounts!$B$2:$B$21,0))&"",IF($D123="PS",INDEX(Accounts!$F$2:$F$21,MATCH($A123,Accounts!$B$2:$B$21,0))&"",IF($D123="Named engineer",INDEX(Accounts!$I$2:$I$21,MATCH($A123,Accounts!$B$2:$B$21,0))&"",IF($D123="TSE + PS",IF(INDEX(Accounts!$G$2:$G$21,MATCH($A123,Accounts!$B$2:$B$21,0))&""="","(no TSE)",INDEX(Accounts!$G$2:$G$21,MATCH($A123,Accounts!$B$2:$B$21,0))&"")&" / "&IF(INDEX(Accounts!$F$2:$F$21,MATCH($A123,Accounts!$B$2:$B$21,0))&""="","(no PS)",INDEX(Accounts!$F$2:$F$21,MATCH($A123,Accounts!$B$2:$B$21,0))&""),"")))),""))} | F123: Not started | I123: N | K123: =IF(F123="Done",IF(AND(I123="Y",H123=""),"Evidence missing ","")&IF(G123="","Date missing ",""),"")&IF(E123="","Owner missing ","")&IF(F123="Skipped","Skipped","") -> Owner missing
A124: Honeywell | B124: D3 | C124: Deviations logged live | D124: PS | E124: {=IF($A124="","",IFERROR(IF($D124="TSE",INDEX(Accounts!$G$2:$G$21,MATCH($A124,Accounts!$B$2:$B$21,0))&"",IF($D124="PS",INDEX(Accounts!$F$2:$F$21,MATCH($A124,Accounts!$B$2:$B$21,0))&"",IF($D124="Named engineer",INDEX(Accounts!$I$2:$I$21,MATCH($A124,Accounts!$B$2:$B$21,0))&"",IF($D124="TSE + PS",IF(INDEX(Accounts!$G$2:$G$21,MATCH($A124,Accounts!$B$2:$B$21,0))&""="","(no TSE)",INDEX(Accounts!$G$2:$G$21,MATCH($A124,Accounts!$B$2:$B$21,0))&"")&" / "&IF(INDEX(Accounts!$F$2:$F$21,MATCH($A124,Accounts!$B$2:$B$21,0))&""="","(no PS)",INDEX(Accounts!$F$2:$F$21,MATCH($A124,Accounts!$B$2:$B$21,0))&""),"")))),""))} | F124: Not started | I124: N | K124: =IF(F124="Done",IF(AND(I124="Y",H124=""),"Evidence missing ","")&IF(G124="","Date missing ",""),"")&IF(E124="","Owner missing ","")&IF(F124="Skipped","Skipped","") -> Owner missing
A125: Honeywell | B125: D4 | C125: Org onboarded; Terraform applied | D125: PS | E125: {=IF($A125="","",IFERROR(IF($D125="TSE",INDEX(Accounts!$G$2:$G$21,MATCH($A125,Accounts!$B$2:$B$21,0))&"",IF($D125="PS",INDEX(Accounts!$F$2:$F$21,MATCH($A125,Accounts!$B$2:$B$21,0))&"",IF($D125="Named engineer",INDEX(Accounts!$I$2:$I$21,MATCH($A125,Accounts!$B$2:$B$21,0))&"",IF($D125="TSE + PS",IF(INDEX(Accounts!$G$2:$G$21,MATCH($A125,Accounts!$B$2:$B$21,0))&""="","(no TSE)",INDEX(Accounts!$G$2:$G$21,MATCH($A125,Accounts!$B$2:$B$21,0))&"")&" / "&IF(INDEX(Accounts!$F$2:$F$21,MATCH($A125,Accounts!$B$2:$B$21,0))&""="","(no PS)",INDEX(Accounts!$F$2:$F$21,MATCH($A125,Accounts!$B$2:$B$21,0))&""),"")))),""))} | F125: In progress | I125: N | K125: =IF(F125="Done",IF(AND(I125="Y",H125=""),"Evidence missing ","")&IF(G125="","Date missing ",""),"")&IF(E125="","Owner missing ","")&IF(F125="Skipped","Skipped","") -> Owner missing
A126: Honeywell | B126: V1 | C126: Validation: all scanners returning data | D126: TSE + PS | E126: {=IF($A126="","",IFERROR(IF($D126="TSE",INDEX(Accounts!$G$2:$G$21,MATCH($A126,Accounts!$B$2:$B$21,0))&"",IF($D126="PS",INDEX(Accounts!$F$2:$F$21,MATCH($A126,Accounts!$B$2:$B$21,0))&"",IF($D126="Named engineer",INDEX(Accounts!$I$2:$I$21,MATCH($A126,Accounts!$B$2:$B$21,0))&"",IF($D126="TSE + PS",IF(INDEX(Accounts!$G$2:$G$21,MATCH($A126,Accounts!$B$2:$B$21,0))&""="","(no TSE)",INDEX(Accounts!$G$2:$G$21,MATCH($A126,Accounts!$B$2:$B$21,0))&"")&" / "&IF(INDEX(Accounts!$F$2:$F$21,MATCH($A126,Accounts!$B$2:$B$21,0))&""="","(no PS)",INDEX(Accounts!$F$2:$F$21,MATCH($A126,Accounts!$B$2:$B$21,0))&""),"")))),""))} | F126: Not started | I126: Y | K126: =IF(F126="Done",IF(AND(I126="Y",H126=""),"Evidence missing ","")&IF(G126="","Date missing ",""),"")&IF(E126="","Owner missing ","")&IF(F126="Skipped","Skipped","") -> Owner missing
A127: Honeywell | B127: V2 | C127: Enablement session | D127: TSE | E127: {=IF($A127="","",IFERROR(IF($D127="TSE",INDEX(Accounts!$G$2:$G$21,MATCH($A127,Accounts!$B$2:$B$21,0))&"",IF($D127="PS",INDEX(Accounts!$F$2:$F$21,MATCH($A127,Accounts!$B$2:$B$21,0))&"",IF($D127="Named engineer",INDEX(Accounts!$I$2:$I$21,MATCH($A127,Accounts!$B$2:$B$21,0))&"",IF($D127="TSE + PS",IF(INDEX(Accounts!$G$2:$G$21,MATCH($A127,Accounts!$B$2:$B$21,0))&""="","(no TSE)",INDEX(Accounts!$G$2:$G$21,MATCH($A127,Accounts!$B$2:$B$21,0))&"")&" / "&IF(INDEX(Accounts!$F$2:$F$21,MATCH($A127,Accounts!$B$2:$B$21,0))&""="","(no PS)",INDEX(Accounts!$F$2:$F$21,MATCH($A127,Accounts!$B$2:$B$21,0))&""),"")))),""))} | F127: Not started | I127: N | K127: =IF(F127="Done",IF(AND(I127="Y",H127=""),"Evidence missing ","")&IF(G127="","Date missing ",""),"")&IF(E127="","Owner missing ","")&IF(F127="Skipped","Skipped","") -> Owner missing
A128: Honeywell | B128: V3 | C128: Retro within 48 hours | D128: TSE | E128: {=IF($A128="","",IFERROR(IF($D128="TSE",INDEX(Accounts!$G$2:$G$21,MATCH($A128,Accounts!$B$2:$B$21,0))&"",IF($D128="PS",INDEX(Accounts!$F$2:$F$21,MATCH($A128,Accounts!$B$2:$B$21,0))&"",IF($D128="Named engineer",INDEX(Accounts!$I$2:$I$21,MATCH($A128,Accounts!$B$2:$B$21,0))&"",IF($D128="TSE + PS",IF(INDEX(Accounts!$G$2:$G$21,MATCH($A128,Accounts!$B$2:$B$21,0))&""="","(no TSE)",INDEX(Accounts!$G$2:$G$21,MATCH($A128,Accounts!$B$2:$B$21,0))&"")&" / "&IF(INDEX(Accounts!$F$2:$F$21,MATCH($A128,Accounts!$B$2:$B$21,0))&""="","(no PS)",INDEX(Accounts!$F$2:$F$21,MATCH($A128,Accounts!$B$2:$B$21,0))&""),"")))),""))} | F128: Not started | I128: Y | K128: =IF(F128="Done",IF(AND(I128="Y",H128=""),"Evidence missing ","")&IF(G128="","Date missing ",""),"")&IF(E128="","Owner missing ","")&IF(F128="Skipped","Skipped","") -> Owner missing
A129: Honeywell | B129: V4 | C129: CS handover | D129: TSE | E129: {=IF($A129="","",IFERROR(IF($D129="TSE",INDEX(Accounts!$G$2:$G$21,MATCH($A129,Accounts!$B$2:$B$21,0))&"",IF($D129="PS",INDEX(Accounts!$F$2:$F$21,MATCH($A129,Accounts!$B$2:$B$21,0))&"",IF($D129="Named engineer",INDEX(Accounts!$I$2:$I$21,MATCH($A129,Accounts!$B$2:$B$21,0))&"",IF($D129="TSE + PS",IF(INDEX(Accounts!$G$2:$G$21,MATCH($A129,Accounts!$B$2:$B$21,0))&""="","(no TSE)",INDEX(Accounts!$G$2:$G$21,MATCH($A129,Accounts!$B$2:$B$21,0))&"")&" / "&IF(INDEX(Accounts!$F$2:$F$21,MATCH($A129,Accounts!$B$2:$B$21,0))&""="","(no PS)",INDEX(Accounts!$F$2:$F$21,MATCH($A129,Accounts!$B$2:$B$21,0))&""),"")))),""))} | F129: Not started | I129: Y | K129: =IF(F129="Done",IF(AND(I129="Y",H129=""),"Evidence missing ","")&IF(G129="","Date missing ",""),"")&IF(E129="","Owner missing ","")&IF(F129="Skipped","Skipped","") -> Owner missing
A130: Salesforce - ESS org | B130: P1 | C130: Onboarding Record created and linked | D130: TSE | E130: {=IF($A130="","",IFERROR(IF($D130="TSE",INDEX(Accounts!$G$2:$G$21,MATCH($A130,Accounts!$B$2:$B$21,0))&"",IF($D130="PS",INDEX(Accounts!$F$2:$F$21,MATCH($A130,Accounts!$B$2:$B$21,0))&"",IF($D130="Named engineer",INDEX(Accounts!$I$2:$I$21,MATCH($A130,Accounts!$B$2:$B$21,0))&"",IF($D130="TSE + PS",IF(INDEX(Accounts!$G$2:$G$21,MATCH($A130,Accounts!$B$2:$B$21,0))&""="","(no TSE)",INDEX(Accounts!$G$2:$G$21,MATCH($A130,Accounts!$B$2:$B$21,0))&"")&" / "&IF(INDEX(Accounts!$F$2:$F$21,MATCH($A130,Accounts!$B$2:$B$21,0))&""="","(no PS)",INDEX(Accounts!$F$2:$F$21,MATCH($A130,Accounts!$B$2:$B$21,0))&""),"")))),""))} -> Khizar Karim | F130: Not started | I130: Y | K130: =IF(F130="Done",IF(AND(I130="Y",H130=""),"Evidence missing ","")&IF(G130="","Date missing ",""),"")&IF(E130="","Owner missing ","")&IF(F130="Skipped","Skipped","")
A131: Salesforce - ESS org | B131: P2 | C131: Technical assessment | D131: TSE | E131: {=IF($A131="","",IFERROR(IF($D131="TSE",INDEX(Accounts!$G$2:$G$21,MATCH($A131,Accounts!$B$2:$B$21,0))&"",IF($D131="PS",INDEX(Accounts!$F$2:$F$21,MATCH($A131,Accounts!$B$2:$B$21,0))&"",IF($D131="Named engineer",INDEX(Accounts!$I$2:$I$21,MATCH($A131,Accounts!$B$2:$B$21,0))&"",IF($D131="TSE + PS",IF(INDEX(Accounts!$G$2:$G$21,MATCH($A131,Accounts!$B$2:$B$21,0))&""="","(no TSE)",INDEX(Accounts!$G$2:$G$21,MATCH($A131,Accounts!$B$2:$B$21,0))&"")&" / "&IF(INDEX(Accounts!$F$2:$F$21,MATCH($A131,Accounts!$B$2:$B$21,0))&""="","(no PS)",INDEX(Accounts!$F$2:$F$21,MATCH($A131,Accounts!$B$2:$B$21,0))&""),"")))),""))} -> Khizar Karim | F131: Not started | I131: Y | K131: =IF(F131="Done",IF(AND(I131="Y",H131=""),"Evidence missing ","")&IF(G131="","Date missing ",""),"")&IF(E131="","Owner missing ","")&IF(F131="Skipped","Skipped","")
A132: Salesforce - ESS org | B132: P3 | C132: Permission pre-flight on named admins | D132: TSE | E132: {=IF($A132="","",IFERROR(IF($D132="TSE",INDEX(Accounts!$G$2:$G$21,MATCH($A132,Accounts!$B$2:$B$21,0))&"",IF($D132="PS",INDEX(Accounts!$F$2:$F$21,MATCH($A132,Accounts!$B$2:$B$21,0))&"",IF($D132="Named engineer",INDEX(Accounts!$I$2:$I$21,MATCH($A132,Accounts!$B$2:$B$21,0))&"",IF($D132="TSE + PS",IF(INDEX(Accounts!$G$2:$G$21,MATCH($A132,Accounts!$B$2:$B$21,0))&""="","(no TSE)",INDEX(Accounts!$G$2:$G$21,MATCH($A132,Accounts!$B$2:$B$21,0))&"")&" / "&IF(INDEX(Accounts!$F$2:$F$21,MATCH($A132,Accounts!$B$2:$B$21,0))&""="","(no PS)",INDEX(Accounts!$F$2:$F$21,MATCH($A132,Accounts!$B$2:$B$21,0))&""),"")))),""))} -> Khizar Karim | F132: Not started | I132: Y | K132: =IF(F132="Done",IF(AND(I132="Y",H132=""),"Evidence missing ","")&IF(G132="","Date missing ",""),"")&IF(E132="","Owner missing ","")&IF(F132="Skipped","Skipped","")
A133: Salesforce - ESS org | B133: P4 | C133: Engineering review; pre-facto noise suppression | D133: Named engineer | E133: {=IF($A133="","",IFERROR(IF($D133="TSE",INDEX(Accounts!$G$2:$G$21,MATCH($A133,Accounts!$B$2:$B$21,0))&"",IF($D133="PS",INDEX(Accounts!$F$2:$F$21,MATCH($A133,Accounts!$B$2:$B$21,0))&"",IF($D133="Named engineer",INDEX(Accounts!$I$2:$I$21,MATCH($A133,Accounts!$B$2:$B$21,0))&"",IF($D133="TSE + PS",IF(INDEX(Accounts!$G$2:$G$21,MATCH($A133,Accounts!$B$2:$B$21,0))&""="","(no TSE)",INDEX(Accounts!$G$2:$G$21,MATCH($A133,Accounts!$B$2:$B$21,0))&"")&" / "&IF(INDEX(Accounts!$F$2:$F$21,MATCH($A133,Accounts!$B$2:$B$21,0))&""="","(no PS)",INDEX(Accounts!$F$2:$F$21,MATCH($A133,Accounts!$B$2:$B$21,0))&""),"")))),""))} | F133: Not started | I133: Y | K133: =IF(F133="Done",IF(AND(I133="Y",H133=""),"Evidence missing ","")&IF(G133="","Date missing ",""),"")&IF(E133="","Owner missing ","")&IF(F133="Skipped","Skipped","") -> Owner missing
A134: Salesforce - ESS org | B134: P5 | C134: Branch decisions recorded | D134: TSE | E134: {=IF($A134="","",IFERROR(IF($D134="TSE",INDEX(Accounts!$G$2:$G$21,MATCH($A134,Accounts!$B$2:$B$21,0))&"",IF($D134="PS",INDEX(Accounts!$F$2:$F$21,MATCH($A134,Accounts!$B$2:$B$21,0))&"",IF($D134="Named engineer",INDEX(Accounts!$I$2:$I$21,MATCH($A134,Accounts!$B$2:$B$21,0))&"",IF($D134="TSE + PS",IF(INDEX(Accounts!$G$2:$G$21,MATCH($A134,Accounts!$B$2:$B$21,0))&""="","(no TSE)",INDEX(Accounts!$G$2:$G$21,MATCH($A134,Accounts!$B$2:$B$21,0))&"")&" / "&IF(INDEX(Accounts!$F$2:$F$21,MATCH($A134,Accounts!$B$2:$B$21,0))&""="","(no PS)",INDEX(Accounts!$F$2:$F$21,MATCH($A134,Accounts!$B$2:$B$21,0))&""),"")))),""))} -> Khizar Karim | F134: Not started | I134: Y | K134: =IF(F134="Done",IF(AND(I134="Y",H134=""),"Evidence missing ","")&IF(G134="","Date missing ",""),"")&IF(E134="","Owner missing ","")&IF(F134="Skipped","Skipped","")
... A177: Thales | B177: V4 | C177: CS handover | D177: TSE | E177: {=IF($A177="","",IFERROR(IF($D177="TSE",INDEX(Accounts!$G$2:$G$21,MATCH($A177,Accounts!$B$2:$B$21,0))&"",IF($D177="PS",INDEX(Accounts!$F$2:$F$21,MATCH($A177,Accounts!$B$2:$B$21,0))&"",IF($D177="Named engineer",INDEX(Accounts!$I$2:$I$21,MATCH($A177,Accounts!$B$2:$B$21,0))&"",IF($D177="TSE + PS",IF(INDEX(Accounts!$G$2:$G$21,MATCH($A177,Accounts!$B$2:$B$21,0))&""="","(no TSE)",INDEX(Accounts!$G$2:$G$21,MATCH($A177,Accounts!$B$2:$B$21,0))&"")&" / "&IF(INDEX(Accounts!$F$2:$F$21,MATCH($A177,Accounts!$B$2:$B$21,0))&""="","(no PS)",INDEX(Accounts!$F$2:$F$21,MATCH($A177,Accounts!$B$2:$B$21,0))&""),"")))),""))} -> Steve Briand | F177: Not started | I177: Y | K177: =IF(F177="Done",IF(AND(I177="Y",H177=""),"Evidence missing ","")&IF(G177="","Date missing ",""),"")&IF(E177="","Owner missing ","")&IF(F177="Skipped","Skipped","")
A178: Gap Inc | B178: P1 | C178: Onboarding Record created and linked | D178: TSE | E178: Z Yu | F178: Not started | I178: Y | K178: =IF(F178="Done",IF(AND(I178="Y",H178=""),"Evidence missing ","")&IF(G178="","Date missing ",""),"")&IF(E178="","Owner missing ","")&IF(F178="Skipped","Skipped","")
A179: Gap Inc | B179: P2 | C179: Technical assessment | D179: TSE | E179: Z Yu | F179: Not started | I179: Y | K179: =IF(F179="Done",IF(AND(I179="Y",H179=""),"Evidence missing ","")&IF(G179="","Date missing ",""),"")&IF(E179="","Owner missing ","")&IF(F179="Skipped","Skipped","")
A180: Gap Inc | B180: P3 | C180: Permission pre-flight on named admins | D180: TSE | E180: Z Yu | F180: Not started | I180: Y | K180: =IF(F180="Done",IF(AND(I180="Y",H180=""),"Evidence missing ","")&IF(G180="","Date missing ",""),"")&IF(E180="","Owner missing ","")&IF(F180="Skipped","Skipped","")
A181: Gap Inc | B181: P4 | C181: Engineering review; pre-facto noise suppression | D181: Named engineer | E181: Z Yu | F181: Not started | I181: Y | K181: =IF(F181="Done",IF(AND(I181="Y",H181=""),"Evidence missing ","")&IF(G181="","Date missing ",""),"")&IF(E181="","Owner missing ","")&IF(F181="Skipped","Skipped","")
A182: Gap Inc | B182: P5 | C182: Branch decisions recorded | D182: TSE | E182: Z Yu | F182: Not started | I182: Y | K182: =IF(F182="Done",IF(AND(I182="Y",H182=""),"Evidence missing ","")&IF(G182="","Date missing ",""),"")&IF(E182="","Owner missing ","")&IF(F182="Skipped","Skipped","")
A183: Gap Inc | B183: P6 | C183: Wizard and branches workshop (TSE, TPE, PS) | D183: TSE | E183: Z Yu | F183: Not started | I183: N | K183: =IF(F183="Done",IF(AND(I183="Y",H183=""),"Evidence missing ","")&IF(G183="","Date missing ",""),"")&IF(E183="","Owner missing ","")&IF(F183="Skipped","Skipped","")
A184: Gap Inc | B184: P7 | C184: Customer briefing: findings vs. issues, no template edits | D184: PS | E184: Z Yu | F184: Not started | I184: N | K184: =IF(F184="Done",IF(AND(I184="Y",H184=""),"Evidence missing ","")&IF(G184="","Date missing ",""),"")&IF(E184="","Owner missing ","")&IF(F184="Skipped","Skipped","")
A185: Gap Inc | B185: P8 | C185: Go / No Go with committed date | D185: TSE + PS | E185: Z Yu | F185: Not started | I185: Y | K185: =IF(F185="Done",IF(AND(I185="Y",H185=""),"Evidence missing ","")&IF(G185="","Date missing ",""),"")&IF(E185="","Owner missing ","")&IF(F185="Skipped","Skipped","")
A186: Gap Inc | B186: D1 | C186: First account validated end to end | D186: PS | E186: Z Yu | F186: Not started | I186: Y | K186: =IF(F186="Done",IF(AND(I186="Y",H186=""),"Evidence missing ","")&IF(G186="","Date missing ",""),"")&IF(E186="","Owner missing ","")&IF(F186="Skipped","Skipped","")
A187: Gap Inc | B187: D2 | C187: Named engineer on the call | D187: Named engineer | E187: Z Yu | F187: Not started | I187: N | K187: =IF(F187="Done",IF(AND(I187="Y",H187=""),"Evidence missing ","")&IF(G187="","Date missing ",""),"")&IF(E187="","Owner missing ","")&IF(F187="Skipped","Skipped","")
A188: Gap Inc | B188: D3 | C188: Deviations logged live | D188: PS | E188: Z Yu | F188: Not started | I188: N | K188: =IF(F188="Done",IF(AND(I188="Y",H188=""),"Evidence missing ","")&IF(G188="","Date missing ",""),"")&IF(E188="","Owner missing ","")&IF(F188="Skipped","Skipped","")
A189: Gap Inc | B189: D4 | C189: Org onboarded; Terraform applied | D189: PS | E189: Z Yu | F189: Not started | I189: N | K189: =IF(F189="Done",IF(AND(I189="Y",H189=""),"Evidence missing ","")&IF(G189="","Date missing ",""),"")&IF(E189="","Owner missing ","")&IF(F189="Skipped","Skipped","")
... A193: Gap Inc | B193: V4 | C193: CS handover | D193: TSE | E193: Z Yu | F193: Not started | I193: Y | K193: =IF(F193="Done",IF(AND(I193="Y",H193=""),"Evidence missing ","")&IF(G193="","Date missing ",""),"")&IF(E193="","Owner missing ","")&IF(F193="Skipped","Skipped","")
A194: Early Warning Services LLC | B194: P1 | C194: Onboarding Record created and linked | D194: TSE | E194: {=IF($A194="","",IFERROR(IF($D194="TSE",INDEX(Accounts!$G$2:$G$21,MATCH($A194,Accounts!$B$2:$B$21,0))&"",IF($D194="PS",INDEX(Accounts!$F$2:$F$21,MATCH($A194,Accounts!$B$2:$B$21,0))&"",IF($D194="Named engineer",INDEX(Accounts!$I$2:$I$21,MATCH($A194,Accounts!$B$2:$B$21,0))&"",IF($D194="TSE + PS",IF(INDEX(Accounts!$G$2:$G$21,MATCH($A194,Accounts!$B$2:$B$21,0))&""="","(no TSE)",INDEX(Accounts!$G$2:$G$21,MATCH($A194,Accounts!$B$2:$B$21,0))&"")&" / "&IF(INDEX(Accounts!$F$2:$F$21,MATCH($A194,Accounts!$B$2:$B$21,0))&""="","(no PS)",INDEX(Accounts!$F$2:$F$21,MATCH($A194,Accounts!$B$2:$B$21,0))&""),"")))),""))} -> Lindsey Smith | F194: Not started | I194: Y | K194: =IF(F194="Done",IF(AND(I194="Y",H194=""),"Evidence missing ","")&IF(G194="","Date missing ",""),"")&IF(E194="","Owner missing ","")&IF(F194="Skipped","Skipped","")
A195: Early Warning Services LLC | B195: P2 | C195: Technical assessment | D195: TSE | E195: {=IF($A195="","",IFERROR(IF($D195="TSE",INDEX(Accounts!$G$2:$G$21,MATCH($A195,Accounts!$B$2:$B$21,0))&"",IF($D195="PS",INDEX(Accounts!$F$2:$F$21,MATCH($A195,Accounts!$B$2:$B$21,0))&"",IF($D195="Named engineer",INDEX(Accounts!$I$2:$I$21,MATCH($A195,Accounts!$B$2:$B$21,0))&"",IF($D195="TSE + PS",IF(INDEX(Accounts!$G$2:$G$21,MATCH($A195,Accounts!$B$2:$B$21,0))&""="","(no TSE)",INDEX(Accounts!$G$2:$G$21,MATCH($A195,Accounts!$B$2:$B$21,0))&"")&" / "&IF(INDEX(Accounts!$F$2:$F$21,MATCH($A195,Accounts!$B$2:$B$21,0))&""="","(no PS)",INDEX(Accounts!$F$2:$F$21,MATCH($A195,Accounts!$B$2:$B$21,0))&""),"")))),""))} -> Lindsey Smith | F195: Not started | I195: Y | K195: =IF(F195="Done",IF(AND(I195="Y",H195=""),"Evidence missing ","")&IF(G195="","Date missing ",""),"")&IF(E195="","Owner missing ","")&IF(F195="Skipped","Skipped","")
A196: Early Warning Services LLC | B196: P3 | C196: Permission pre-flight on named admins | D196: TSE | E196: {=IF($A196="","",IFERROR(IF($D196="TSE",INDEX(Accounts!$G$2:$G$21,MATCH($A196,Accounts!$B$2:$B$21,0))&"",IF($D196="PS",INDEX(Accounts!$F$2:$F$21,MATCH($A196,Accounts!$B$2:$B$21,0))&"",IF($D196="Named engineer",INDEX(Accounts!$I$2:$I$21,MATCH($A196,Accounts!$B$2:$B$21,0))&"",IF($D196="TSE + PS",IF(INDEX(Accounts!$G$2:$G$21,MATCH($A196,Accounts!$B$2:$B$21,0))&""="","(no TSE)",INDEX(Accounts!$G$2:$G$21,MATCH($A196,Accounts!$B$2:$B$21,0))&"")&" / "&IF(INDEX(Accounts!$F$2:$F$21,MATCH($A196,Accounts!$B$2:$B$21,0))&""="","(no PS)",INDEX(Accounts!$F$2:$F$21,MATCH($A196,Accounts!$B$2:$B$21,0))&""),"")))),""))} -> Lindsey Smith | F196: Not started | I196: Y | K196: =IF(F196="Done",IF(AND(I196="Y",H196=""),"Evidence missing ","")&IF(G196="","Date missing ",""),"")&IF(E196="","Owner missing ","")&IF(F196="Skipped","Skipped","")
A197: Early Warning Services LLC | B197: P4 | C197: Engineering review; pre-facto noise suppression | D197: Named engineer | E197: {=IF($A197="","",IFERROR(IF($D197="TSE",INDEX(Accounts!$G$2:$G$21,MATCH($A197,Accounts!$B$2:$B$21,0))&"",IF($D197="PS",INDEX(Accounts!$F$2:$F$21,MATCH($A197,Accounts!$B$2:$B$21,0))&"",IF($D197="Named engineer",INDEX(Accounts!$I$2:$I$21,MATCH($A197,Accounts!$B$2:$B$21,0))&"",IF($D197="TSE + PS",IF(INDEX(Accounts!$G$2:$G$21,MATCH($A197,Accounts!$B$2:$B$21,0))&""="","(no TSE)",INDEX(Accounts!$G$2:$G$21,MATCH($A197,Accounts!$B$2:$B$21,0))&"")&" / "&IF(INDEX(Accounts!$F$2:$F$21,MATCH($A197,Accounts!$B$2:$B$21,0))&""="","(no PS)",INDEX(Accounts!$F$2:$F$21,MATCH($A197,Accounts!$B$2:$B$21,0))&""),"")))),""))} | F197: Not started | I197: Y | K197: =IF(F197="Done",IF(AND(I197="Y",H197=""),"Evidence missing ","")&IF(G197="","Date missing ",""),"")&IF(E197="","Owner missing ","")&IF(F197="Skipped","Skipped","") -> Owner missing
A198: Early Warning Services LLC | B198: P5 | C198: Branch decisions recorded | D198: TSE | E198: {=IF($A198="","",IFERROR(IF($D198="TSE",INDEX(Accounts!$G$2:$G$21,MATCH($A198,Accounts!$B$2:$B$21,0))&"",IF($D198="PS",INDEX(Accounts!$F$2:$F$21,MATCH($A198,Accounts!$B$2:$B$21,0))&"",IF($D198="Named engineer",INDEX(Accounts!$I$2:$I$21,MATCH($A198,Accounts!$B$2:$B$21,0))&"",IF($D198="TSE + PS",IF(INDEX(Accounts!$G$2:$G$21,MATCH($A198,Accounts!$B$2:$B$21,0))&""="","(no TSE)",INDEX(Accounts!$G$2:$G$21,MATCH($A198,Accounts!$B$2:$B$21,0))&"")&" / "&IF(INDEX(Accounts!$F$2:$F$21,MATCH($A198,Accounts!$B$2:$B$21,0))&""="","(no PS)",INDEX(Accounts!$F$2:$F$21,MATCH($A198,Accounts!$B$2:$B$21,0))&""),"")))),""))} -> Lindsey Smith | F198: Not started | I198: Y | K198: =IF(F198="Done",IF(AND(I198="Y",H198=""),"Evidence missing ","")&IF(G198="","Date missing ",""),"")&IF(E198="","Owner missing ","")&IF(F198="Skipped","Skipped","")
A199: Early Warning Services LLC | B199: P6 | C199: Wizard and branches workshop (TSE, TPE, PS) | D199: TSE | E199: {=IF($A199="","",IFERROR(IF($D199="TSE",INDEX(Accounts!$G$2:$G$21,MATCH($A199,Accounts!$B$2:$B$21,0))&"",IF($D199="PS",INDEX(Accounts!$F$2:$F$21,MATCH($A199,Accounts!$B$2:$B$21,0))&"",IF($D199="Named engineer",INDEX(Accounts!$I$2:$I$21,MATCH($A199,Accounts!$B$2:$B$21,0))&"",IF($D199="TSE + PS",IF(INDEX(Accounts!$G$2:$G$21,MATCH($A199,Accounts!$B$2:$B$21,0))&""="","(no TSE)",INDEX(Accounts!$G$2:$G$21,MATCH($A199,Accounts!$B$2:$B$21,0))&"")&" / "&IF(INDEX(Accounts!$F$2:$F$21,MATCH($A199,Accounts!$B$2:$B$21,0))&""="","(no PS)",INDEX(Accounts!$F$2:$F$21,MATCH($A199,Accounts!$B$2:$B$21,0))&""),"")))),""))} -> Lindsey Smith | F199: Not started | I199: Y | K199: =IF(F199="Done",IF(AND(I199="Y",H199=""),"Evidence missing ","")&IF(G199="","Date missing ",""),"")&IF(E199="","Owner missing ","")&IF(F199="Skipped","Skipped","")
A200: Early Warning Services LLC | B200: P7 | C200: Customer briefing: findings vs. issues, no template edits | D200: PS | E200: {=IF($A200="","",IFERROR(IF($D200="TSE",INDEX(Accounts!$G$2:$G$21,MATCH($A200,Accounts!$B$2:$B$21,0))&"",IF($D200="PS",INDEX(Accounts!$F$2:$F$21,MATCH($A200,Accounts!$B$2:$B$21,0))&"",IF($D200="Named engineer",INDEX(Accounts!$I$2:$I$21,MATCH($A200,Accounts!$B$2:$B$21,0))&"",IF($D200="TSE + PS",IF(INDEX(Accounts!$G$2:$G$21,MATCH($A200,Accounts!$B$2:$B$21,0))&""="","(no TSE)",INDEX(Accounts!$G$2:$G$21,MATCH($A200,Accounts!$B$2:$B$21,0))&"")&" / "&IF(INDEX(Accounts!$F$2:$F$21,MATCH($A200,Accounts!$B$2:$B$21,0))&""="","(no PS)",INDEX(Accounts!$F$2:$F$21,MATCH($A200,Accounts!$B$2:$B$21,0))&""),"")))),""))} | F200: Not started | I200: Y | K200: =IF(F200="Done",IF(AND(I200="Y",H200=""),"Evidence missing ","")&IF(G200="","Date missing ",""),"")&IF(E200="","Owner missing ","")&IF(F200="Skipped","Skipped","") -> Owner missing
A201: Early Warning Services LLC | B201: P8 | C201: Go / No Go with committed date | D201: TSE + PS | E201: {=IF($A201="","",IFERROR(IF($D201="TSE",INDEX(Accounts!$G$2:$G$21,MATCH($A201,Accounts!$B$2:$B$21,0))&"",IF($D201="PS",INDEX(Accounts!$F$2:$F$21,MATCH($A201,Accounts!$B$2:$B$21,0))&"",IF($D201="Named engineer",INDEX(Accounts!$I$2:$I$21,MATCH($A201,Accounts!$B$2:$B$21,0))&"",IF($D201="TSE + PS",IF(INDEX(Accounts!$G$2:$G$21,MATCH($A201,Accounts!$B$2:$B$21,0))&""="","(no TSE)",INDEX(Accounts!$G$2:$G$21,MATCH($A201,Accounts!$B$2:$B$21,0))&"")&" / "&IF(INDEX(Accounts!$F$2:$F$21,MATCH($A201,Accounts!$B$2:$B$21,0))&""="","(no PS)",INDEX(Accounts!$F$2:$F$21,MATCH($A201,Accounts!$B$2:$B$21,0))&""),"")))),""))} -> Lindsey Smith / (no PS) | F201: Not started | I201: Y | K201: =IF(F201="Done",IF(AND(I201="Y",H201=""),"Evidence missing ","")&IF(G201="","Date missing ",""),"")&IF(E201="","Owner missing ","")&IF(F201="Skipped","Skipped","")
A202: Early Warning Services LLC | B202: D1 | C202: First account validated end to end | D202: PS | E202: {=IF($A202="","",IFERROR(IF($D202="TSE",INDEX(Accounts!$G$2:$G$21,MATCH($A202,Accounts!$B$2:$B$21,0))&"",IF($D202="PS",INDEX(Accounts!$F$2:$F$21,MATCH($A202,Accounts!$B$2:$B$21,0))&"",IF($D202="Named engineer",INDEX(Accounts!$I$2:$I$21,MATCH($A202,Accounts!$B$2:$B$21,0))&"",IF($D202="TSE + PS",IF(INDEX(Accounts!$G$2:$G$21,MATCH($A202,Accounts!$B$2:$B$21,0))&""="","(no TSE)",INDEX(Accounts!$G$2:$G$21,MATCH($A202,Accounts!$B$2:$B$21,0))&"")&" / "&IF(INDEX(Accounts!$F$2:$F$21,MATCH($A202,Accounts!$B$2:$B$21,0))&""="","(no PS)",INDEX(Accounts!$F$2:$F$21,MATCH($A202,Accounts!$B$2:$B$21,0))&""),"")))),""))} | F202: Not started | I202: Y | K202: =IF(F202="Done",IF(AND(I202="Y",H202=""),"Evidence missing ","")&IF(G202="","Date missing ",""),"")&IF(E202="","Owner missing ","")&IF(F202="Skipped","Skipped","") -> Owner missing
...

Sheet Deviations
A1: Date | B1: Account | C1: Step ID | D1: Cloud | E1: What happened | F1: Type | G1: TAC / XSUP case # | H1: Case tagged to upgrade at open? | I1: Owner | J1: Status | K1: Feeds | L1: Resolution / change landed
